123 Seguro,Colombia,Comercio,2019,462,466,655,-6,15,8
1Doc3,Colombia,Manufactura,2019,737,826,753,-5,-5,0
2Trans Fair,Colombia,Servicios,2019,832,739,947,0,0,20
2Trans Fair,Colombia,Servicios,2018,728,669,708,-4,-4,19
abaco,Colombia,Financiera,2019,792,708,866,5,-3,3
abaco,Colombia,Financiera,2018,715,656,689,4,-4,8
ABCD,Brasil,Tecnologias,2019,1308,692,867,3,5,16
ABL Capital,Colombia,Telecom,2019,826,376,953,4,4,19
ABL Capital,Colombia,Telecom,2018,672,335,698,2,2,16
ACHE - Software Solutions,Argentina,Servicios,2019,1416,618,969,-5,-4,15
ACO,Brasil,Financiera,2019,600,995,958,-3,14,0
Acordo Certo,Brasil,Servicios,2019,1125,697,1088,3,-4,9
ADC Movil,RLA,Servicios,2019,405,920,551,3,9,8
ADC Movil,RLA,Servicios,2018,281,637,372,8,14,11
Addi,Colombia,Tecnologias,2019,796,995,868,-8,6,11
Adianta,Brasil,Financiera,2019,405,538,772,1,3,6
Adianta,Brasil,Financiera,2018,342,441,624,4,6,10
AdsUp,Brasil,Telecom,2019,873,612,904,3,6,7
Aflore,Colombia,Servicios,2019,818,570,805,-5,-5,17
Aflore,Colombia,Servicios,2018,627,443,598,-1,-1,17
Afluenta,Argentina,Tecnologias,2019,946,759,779,-8,13,18
Agente Cash,Peru,Tecnologias,2019,1379,808,1082,-2,14,4
Agilis,Argentina,Tecnologias,2019,791,820,970,-5,-3,10
Agrofy,Argentina,Tecnologias,2019,851,602,1086,-8,9,13
Agrofy,Argentina,Tecnologias,2018,794,438,831,-10,7,11
Ahorra Seguros,Mexico,Financiera,2019,1467,919,1018,-10,9,16
ai360,Mexico,Manufactura,2019,882,347,835,4,-2,11
Airfluencers,Brasil,Financiera,2019,1020,308,911,-4,-4,5
Albo,Mexico,Tecnologias,2019,329,431,877,-3,15,7
Alegra,Colombia,Tecnologias,2019,1257,1068,841,-8,-1,16
Alegra,Colombia,Tecnologias,2018,1179,903,549,-3,4,21
Alfi,Chile,Manufactura,2019,974,624,786,-2,0,2
Alfi,Chile,Manufactura,2018,836,556,598,-1,1,5
Ali Credito,Brasil,Servicios,2019,486,579,740,-4,12,13
Alianza Corp,Mexico,Tecnologias,2019,551,579,843,4,-3,13
Alianza Corp,Mexico,Tecnologias,2018,440,591,636,0,-7,10
Aliatu,Colombia,Tecnologias,2019,293,567,1090,-5,12,3
Alibre,Mexico,Servicios,2019,703,425,635,-2,-1,8
AlmaFintech,Argentina,Comercio,2019,625,674,782,5,-1,18
Alphacredit,Mexico,Comercio,2019,1474,830,849,-6,3,18
Alphacredit,Mexico,Comercio,2018,1351,711,624,-4,5,17
Alquilando.com,Argentina,Comercio,2019,909,535,976,-6,9,19
Altoke,Peru,Servicios,2019,708,896,840,5,-2,18
Altoke,Peru,Servicios,2018,610,867,595,2,-5,17
Amipass,Chile,Servicios,2019,881,966,755,-8,-3,10
Andino Art,Peru,Tecnologias,2019,1089,658,878,2,5,10
Andino Art,Peru,Tecnologias,2018,1066,579,728,-3,0,6
Andy,Peru,Financiera,2019,567,541,856,2,5,16
Antecipa,Brasil,Telecom,2019,1481,804,998,-10,11,2
Antecipa Facil,Brasil,Manufactura,2019,659,460,987,-10,13,20
Apperto,Argentina,Telecom,2019,1490,401,768,1,7,3
Apperto,Argentina,Telecom,2018,1427,349,583,-4,2,0
Apurata,Peru,Financiera,2019,1350,703,669,-9,-2,18
Aquistar,Mexico,Servicios,2019,307,587,550,-2,11,2
Ark Fund,Mexico,Servicios,2019,802,636,1030,-8,9,4
ArkusNexus,Mexico,Comercio,2019,517,569,643,-3,6,20
Arma tu Vaca,Colombia,Comercio,2019,808,668,908,-10,9,11
Arma tu Vaca,Colombia,Comercio,2018,697,544,664,-5,14,12
ASAAS,Brasil,Manufactura,2019,1485,522,837,5,13,4
ASAAS,Brasil,Manufactura,2018,1282,415,706,10,18,9
Aseguralo,Peru,Servicios,2019,515,704,794,1,3,9
Ask Robin,Chile,Tecnologias,2019,1462,1013,925,-5,12,17
Ask Robin,Chile,Tecnologias,2018,1225,724,730,-1,16,14
Aspiria,Mexico,Financiera,2019,778,1064,801,-6,14,1
Assessor,Peru,Financiera,2019,650,529,975,5,-4,2
ASSIPI,Brasil,Comercio,2019,924,306,919,-1,-5,10
Astro Asset,Brasil,Financiera,2019,598,665,821,-7,12,13
Astro Asset,Brasil,Financiera,2018,624,495,599,-9,10,15
Athena Bitcoin,Colombia,Servicios,2019,957,402,725,-4,13,14
Atlas Quantum,Brasil,Comercio,2019,757,663,835,-10,-1,20
Atlas Quantum,Brasil,Comercio,2018,653,546,587,-12,-3,18
Atomic Agro,Brasil,Manufactura,2019,560,347,608,4,-3,2
AU10TIX,Mexico,Financiera,2019,773,545,853,3,3,17
AU10TIX,Mexico,Financiera,2018,710,495,583,-1,-1,17
Auto Chilango,Mexico,Financiera,2019,1311,1078,806,2,1,7
Avante,Mexico,Manufactura,2019,292,425,559,1,4,16
Axend,Mexico,Financiera,2019,1496,433,912,-5,10,3
Ayllu Fintech,Peru,Tecnologias,2019,886,995,927,-8,2,14
Ayllu Fintech,Peru,Tecnologias,2018,738,835,782,-4,6,9
B&R Consultores,Peru,Servicios,2019,553,694,741,-9,11,9
B.trader,Argentina,Servicios,2019,477,342,655,-2,2,17
Banca Valor,Colombia,Tecnologias,2019,425,821,1043,2,8,17
Bancompara,Mexico,Comercio,2019,1490,545,1028,2,15,8
Bankamoda,Colombia,Manufactura,2019,1245,378,1041,4,-5,16
Bankamoda,Colombia,Manufactura,2018,989,354,771,7,-2,16
Bankingly,RLA,Servicios,2019,772,405,618,5,15,9
Bankingly,RLA,Servicios,2018,687,317,540,1,11,4
Bart.Digital,Brasil,Servicios,2019,898,311,645,-8,11,19
Basement,Brasil,Comercio,2019,320,871,1044,1,3,15
Basement,Brasil,Comercio,2018,281,794,729,0,2,13
Bayonet.io,Mexico,Servicios,2019,490,649,589,-9,8,18
BBVA Next Technologies,Mexico,Servicios,2019,866,339,899,-5,13,19
BCP Global,Mexico,Manufactura,2019,520,625,666,-8,-2,10
BDO,Argentina,Servicios,2019,790,359,797,-8,-4,5
BDO,Argentina,Servicios,2018,753,299,652,-13,-9,10
Beblue,Brasil,Manufactura,2019,1028,554,670,3,14,13
BeCual,Chile,Financiera,2019,947,726,995,-6,14,18
BeCual,Chile,Financiera,2018,771,583,731,-3,17,21
Bederr,Peru,Telecom,2019,1197,825,756,3,15,16
BEFX,Chile,Manufactura,2019,869,616,766,-5,13,16
BEFX,Chile,Manufactura,2018,677,454,536,0,18,17
Belvo,Mexico,Servicios,2019,806,404,627,-1,-3,5
Ben & Frank,Mexico,Servicios,2019,257,618,746,-8,-4,2
Beriblock,Colombia,Servicios,2019,407,491,1027,-7,8,5
Besafe Inversiones,Chile,Servicios,2019,1231,361,848,-4,7,7
Besafe Inversiones,Chile,Servicios,2018,1150,273,683,-8,3,3
Bien para Bien,Mexico,Servicios,2019,1122,415,871,-6,0,1
Big Data,Brasil,Tecnologias,2019,1491,674,590,3,15,13
Billex,Peru,Tecnologias,2019,1137,1070,1019,-7,4,6
BILLEX Divisas,Peru,Comercio,2019,764,596,741,5,-1,0
Billpocket,Mexico,Telecom,2019,450,798,1184,-6,-4,3
Billpocket,Mexico,Telecom,2018,400,650,1019,-10,-8,1
Billy,Colombia,Servicios,2019,1311,379,639,-10,5,6
Billy,Colombia,Servicios,2018,1199,271,503,-6,9,4
BIND,Argentina,Tecnologias,2019,879,984,1160,-10,4,12
BioCredit,Colombia,Tecnologias,2019,516,946,736,-3,-3,16
BioCredit,Colombia,Tecnologias,2018,399,714,576,2,2,20
Biometrika,Chile,Comercio,2019,784,338,902,-9,2,15
Bit.One,Brasil,Financiera,2019,1109,1009,1118,-10,2,6
Bitcoinday,Argentina,Servicios,2019,532,627,815,1,-4,9
Bitex,Argentina,Telecom,2019,1277,832,1111,-9,0,19
Bitex,Argentina,Telecom,2018,1262,689,800,-10,-1,18
BitInka,Argentina,Tecnologias,2019,878,586,930,-3,0,19
bitmall,Colombia,Manufactura,2019,1000,392,982,-8,5,7
bitmall,Colombia,Manufactura,2018,1091,372,798,-13,0,7
BITS Americas S.A.S,Colombia,Comercio,2019,1102,941,1032,-4,7,8
Bitso,Mexico,Tecnologias,2019,553,530,843,-8,12,16
Bitso,Mexico,Tecnologias,2018,502,460,591,-13,7,14
Bitvana,Chile    ,Tecnologias,2019,1159,933,813,5,2,6
Blah Box,Argentina,Telecom,2019,614,300,1161,3,15,18
Blockzy,Argentina,Comercio,2019,1222,987,650,2,4,12
Blowzy,Mexico,Comercio,2019,665,500,561,-6,8,7
Blowzy,Mexico,Comercio,2018,548,351,456,-3,11,7
BLU365,Brasil,Comercio,2019,340,847,1130,-9,10,8
Blumon Pay,Mexico,Manufactura,2019,718,789,772,0,11,16
Bom Pra Credito,Brasil,Manufactura,2019,678,457,816,-2,4,12
Bondarea,Argentina,Manufactura,2019,312,508,754,-5,-5,0
BP4,Argentina,Telecom,2019,514,1000,1163,-8,-2,1
BP4,Argentina,Telecom,2018,461,989,923,-12,-6,-3
Briq.mx,Mexico,Servicios,2019,902,635,895,-9,1,5
Briq.mx,Mexico,Servicios,2018,742,479,824,-4,6,2
Broota,Chile,Servicios,2019,330,610,841,-6,0,12
Broxel,Mexico,Servicios,2019,1275,352,978,5,4,7
Broxel,Mexico,Servicios,2018,970,250,821,9,8,6
Brubank,Argentina,Manufactura,2019,807,800,776,-5,2,4
Buda,Colombia,Financiera,2019,611,829,990,-3,15,18
Buenbit,Argentina,Tecnologias,2019,784,477,918,-8,5,5
BuenTrip Ventures,RLA,Servicios,2019,271,509,584,-8,2,15
BuenTrip Ventures,RLA,Servicios,2018,234,388,427,-4,6,16
Bull Market Brokers,Argentina,Financiera,2019,413,725,990,-1,-3,6
Busqo,Colombia,Financiera,2019,723,377,765,1,12,7
Busqo,Colombia,Financiera,2018,613,241,639,6,17,10
Bx Blue,Brasil,Telecom,2019,890,700,1173,-6,13,3
C6 Bank,Brasil,Tecnologias,2019,883,764,707,3,12,13
C6 Bank,Brasil,Tecnologias,2018,795,611,502,1,10,14
Cacao,Mexico,Manufactura,2019,400,735,1127,2,13,15
Cambia FX,Peru,Telecom,2019,524,981,1161,-4,-4,13
CambiaFacil,RLA,Comercio,2019,969,654,898,4,-2,11
CambioAR,Argentina,Manufactura,2019,1294,443,886,-2,9,18
CambioAR,Argentina,Manufactura,2018,1144,346,679,-5,6,20
Cambista,Peru,Manufactura,2019,853,359,845,-5,1,3
CapitalTech,Mexico,Servicios,2019,638,718,825,-3,13,1
Capitaria,Chile,Comercio,2019,719,544,674,-8,9,10
CapRate,Brasil,Manufactura,2019,1495,872,973,-7,13,12
CargoX,Brasil,Financiera,2019,832,313,687,-4,11,4
CargoX,Brasil,Financiera,2018,721,210,552,-2,13,7
Carteraok,Colombia,Comercio,2019,767,973,970,-4,5,5
Carteraok,Colombia,Comercio,2018,718,755,823,-6,3,6
Carteras Colectivas,Colombia,Tecnologias,2019,403,356,862,-7,-3,9
CCX,Colombia,Servicios,2019,1029,409,857,4,-4,0
CCX,Colombia,Servicios,2018,854,342,721,6,-2,1
Celcoin,Brasil,Manufactura,2019,1488,755,1129,-3,-1,18
CellPay,Mexico,Servicios,2019,1331,484,582,1,12,5
Ceptinel,Chile,Tecnologias,2019,840,802,1126,1,5,20
CFOremoto,Chile,Telecom,2019,792,334,847,-9,-4,16
CFOremoto,Chile,Telecom,2018,625,280,652,-5,0,13
Chapa Cash,Peru,Financiera,2019,931,334,884,1,12,17
Chaty,Peru,Telecom,2019,373,870,817,-9,10,20
Chaty,Peru,Telecom,2018,368,587,546,-8,11,24
Chipax,Chile,Telecom,2019,476,414,591,-5,13,7
Chita,Chile,Tecnologias,2019,903,603,911,-9,4,9
Chita,Chile,Tecnologias,2018,922,499,644,-8,5,6
Circulo de Credito,Mexico,Financiera,2019,1018,334,805,-4,11,11
CITC,Mexico,Financiera,2019,985,663,997,4,-2,20
Clay,Chile,Comercio,2019,969,956,1034,-8,14,16
Click In House,Colombia,Servicios,2019,462,924,979,4,7,12
Click In House,Colombia,Servicios,2018,353,796,820,6,9,11
Clip,Mexico,Financiera,2019,882,578,1093,1,12,17
CloudWalk,Brasil,Comercio,2019,931,554,660,4,3,11
CLUPP,Mexico,Tecnologias,2019,1387,832,798,-3,3,20
co2in,Brasil,Comercio,2019,788,673,606,-4,12,16
Cobin,Peru,Financiera,2019,1480,373,820,-2,0,0
Cobin,Peru,Financiera,2018,1369,353,623,-6,-4,0
Cobli,Brasil,Tecnologias,2019,909,362,766,5,-3,9
Cobli,Brasil,Tecnologias,2018,728,280,593,6,-2,11
COCO MARKET,Argentina,Servicios,2019,376,421,583,-3,7,1
Code Money,Brasil,Manufactura,2019,641,442,770,0,14,2
Code Money,Brasil,Manufactura,2018,528,287,738,3,17,-3
Coinrex,Mexico,Financiera,2019,468,635,643,0,-5,8
Cointimes,Brasil,Telecom,2019,823,765,896,5,-3,10
Colektia,Chile,Comercio,2019,966,666,1068,0,-2,9
Collect Pay,Colombia,Financiera,2019,876,644,1049,2,7,3
Collect Pay,Colombia,Financiera,2018,677,539,884,6,11,2
Colppy,Argentina,Telecom,2019,1200,564,1122,-10,6,15
Compara Mejor,Colombia,Servicios,2019,935,663,676,-4,13,1
Compara Mejor,Colombia,Servicios,2018,754,494,557,-7,10,-3
Compara Online,Chile,Telecom,2019,745,768,976,-2,14,12
Compara Online Servicos De Informatica,Brasil,Servicios,2019,879,502,765,-8,3,0
Compara Online Servicos De Informatica,Brasil,Servicios,2018,810,442,603,-10,1,4
Comparale,Mexico,Servicios,2019,360,535,1076,0,5,20
Compudemano,Colombia,Servicios,2019,794,555,740,-3,-2,11
Conekta,Mexico,Manufactura,2019,588,730,1039,-2,10,18
ConnectaLabs AI,Chile,Comercio,2019,877,495,868,-1,-1,12
ConnectaLabs AI,Chile,Comercio,2018,710,390,622,-5,-5,13
Conta Azul,Brasil,Servicios,2019,563,1010,747,-7,-5,1
Contabilium,Argentina,Tecnologias,2019,755,913,1185,-2,9,9
Contabilizate.com,Mexico,Comercio,2019,258,1012,947,2,-5,10
Contabilizei,Brasil,Telecom,2019,847,1007,931,2,13,14
Contagram,Argentina,Comercio,2019,767,671,794,-9,-3,5
Contagram,Argentina,Comercio,2018,623,506,668,-4,2,1
contarte.mx,Mexico,Manufactura,2019,825,346,657,4,10,18
contarte.mx,Mexico,Manufactura,2018,661,271,470,6,12,16
Contrato Marco,Colombia,Financiera,2019,1320,536,916,2,5,12
Coru,Mexico,Telecom,2019,327,605,986,-4,-2,5
Coru,Mexico,Telecom,2018,287,553,760,-8,-6,5
Crabi,Mexico,Manufactura,2019,467,617,808,-2,11,12
Credencial,Mexico,Manufactura,2019,1088,655,945,-9,-2,8
Credibanco,Colombia,Financiera,2019,719,650,875,2,5,20
Credicuotas,Argentina,Financiera,2019,599,562,903,-9,5,10
Credicuotas,Argentina,Financiera,2018,592,484,646,-12,2,9
CrediFace,Peru,Tecnologias,2019,843,521,960,3,-1,12
Credify,Mexico,Telecom,2019,916,886,1018,0,-4,6
Credify,Mexico,Telecom,2018,793,857,795,-3,-7,10
Credijusto.com,Mexico,Financiera,2019,677,660,846,5,6,2
Credility,Argentina,Telecom,2019,1234,971,1081,4,3,3
Credility,Argentina,Telecom,2018,1085,774,973,0,-1,1
Credimejora,Mexico,Manufactura,2019,874,886,825,-3,10,1
Credinnova,Peru,Manufactura,2019,510,518,624,4,5,13
Credipy,RLA,Comercio,2019,1446,853,912,0,1,4
CrediSeguro,Colombia,Financiera,2019,588,685,587,0,14,10
CrediSeguro,Colombia,Financiera,2018,495,519,460,2,16,11
Credissimo,Colombia,Servicios,2019,365,592,670,-6,5,8
Creditas,Brasil,Servicios,2019,689,441,920,-7,3,17
Creditea,Mexico,Servicios,2019,1435,959,939,1,14,0
Creditoo,Brasil,Servicios,2019,977,915,941,-3,2,3
Credmobi,Brasil,Manufactura,2019,762,461,988,1,-1,13
Credmobi,Brasil,Manufactura,2018,620,396,802,2,0,17
CredPago,Brasil,Servicios,2019,559,717,1033,3,-2,8
CredPago,Brasil,Servicios,2018,471,556,917,8,3,7
Crezcamos S.A.,Colombia,Telecom,2019,738,743,604,-9,3,9
Creze,Mexico,Financiera,2019,804,384,875,-1,3,14
Creze,Mexico,Financiera,2018,740,282,637,2,6,18
Crowdium,Argentina,Financiera,2019,1071,644,954,4,-1,15
CrowdSocios,Mexico,Manufactura,2019,977,391,747,4,2,5
Cryptobuyer,RLA,Telecom,2019,1088,672,940,-9,10,12
Cryptomarket,Chile,Manufactura,2019,1209,807,1151,-3,2,11
Cryptomarket,Chile,Manufactura,2018,1027,599,858,0,5,10
Cuanto,RLA,Tecnologias,2019,421,751,756,0,6,2
Cubo333,Brasil,Comercio,2019,577,672,900,2,-5,14
Cubo333,Brasil,Comercio,2018,512,591,657,7,0,19
Cuenca,Mexico,Manufactura,2019,1291,681,1002,-4,-1,14
CuidaMiMascota.com,Mexico,Telecom,2019,845,822,761,-8,-4,13
CuidaMiMascota.com,Mexico,Telecom,2018,677,682,509,-4,0,15
Culqui,Peru,Servicios,2019,465,724,719,3,0,10
Cumplo,Mexico,Tecnologias,2019,356,655,1103,-4,-4,15
D Local,Colombia,Comercio,2019,1405,783,791,-3,6,17
Daexs,Colombia,Financiera,2019,489,918,799,3,-1,11
Daexs,Colombia,Financiera,2018,418,752,693,4,0,6
DalmondFx,Mexico,Telecom,2019,795,759,1114,-5,-2,8
Dapp,Mexico,Servicios,2019,1011,729,812,2,0,6
DashFleet,Colombia,Telecom,2019,1105,446,874,1,-1,18
Data Science Academy Mexico,Mexico,Telecom,2019,1354,537,712,1,-5,20
Datapedia,Brasil,Financiera,2019,532,611,601,-10,7,10
Datapedia,Brasil,Financiera,2018,502,443,449,-11,6,7
Decidata,Mexico,Comercio,2019,826,455,763,-10,15,16
Decidata,Mexico,Comercio,2018,807,312,565,-10,15,12
Delfos Analytics,Mexico,Tecnologias,2019,712,551,871,-4,13,4
Deli Delivery,Mexico,Financiera,2019,736,381,800,3,13,13
Deli Delivery,Mexico,Financiera,2018,631,298,556,6,16,15
Delta Protect,Mexico,Tecnologias,2019,633,1064,768,0,8,13
Destacame,Chile,Comercio,2019,667,606,1192,-6,5,12
Destacame.cl,Chile,Financiera,2019,443,668,577,-4,11,5
DEUcredito,Brasil,Financiera,2019,1392,924,1154,5,-5,6
DEUcredito,Brasil,Financiera,2018,1149,718,843,9,-1,4
Devsu,RLA,Servicios,2019,943,529,824,-9,-2,19
Dharma,Brasil,Manufactura,2019,1047,585,926,-4,-2,16
Dharma,Brasil,Manufactura,2018,932,425,589,1,3,21
Digital Credit,Mexico,Tecnologias,2019,1183,1040,1102,5,-3,15
Distrito Pyme,Mexico,Tecnologias,2019,1250,567,884,2,7,10
Distrito Pyme,Mexico,Tecnologias,2018,1152,441,622,3,8,8
Dividendee,Mexico,Comercio,2019,831,592,718,-6,9,16
Doare,Brasil,Tecnologias,2019,815,525,858,-9,13,15
Doble Impacto,Chile,Manufactura,2019,835,605,903,-1,11,16
Doers,Argentina,Manufactura,2019,917,588,672,-8,-2,18
Doers,Argentina,Manufactura,2018,831,468,529,-3,3,18
Dollar House,Peru,Manufactura,2019,649,328,744,0,2,17
Doopla,Mexico,Servicios,2019,447,607,550,-6,3,16
Doutor123,Brasil,Servicios,2019,559,521,655,4,0,8
Druo,Colombia,Tecnologias,2019,914,327,810,1,0,12
DTC Security,Chile,Telecom,2019,1102,784,1038,5,-5,11
DTC Security,Chile,Telecom,2018,887,720,769,8,-2,12
Duemint,Chile,Servicios,2019,252,578,894,-7,15,9
Duemint,Chile,Servicios,2018,227,458,614,-6,16,12
Dvdendo,RLA,Comercio,2019,702,1079,812,4,-5,19
EASYCReDITO,Brasil,Comercio,2019,779,972,909,-2,-4,8
EASYCReDITO,Brasil,Comercio,2018,617,932,689,1,-1,12
EBANX,RLA,Manufactura,2019,542,603,852,-6,14,5
eBill,Colombia,Servicios,2019,758,816,958,1,4,19
eCollect,Colombia,Comercio,2019,1030,699,571,-6,-2,6
eFactor Network,Mexico,Comercio,2019,844,534,767,4,12,3
eFactor Network,Mexico,Comercio,2018,695,345,735,8,16,-2
Efectivo Ahora,Argentina,Telecom,2019,676,848,1003,-9,13,4
EFISYS,Mexico,Manufactura,2019,547,617,899,-9,1,16
EFISYS,Mexico,Manufactura,2018,566,527,734,-14,-4,15
El 20,Mexico,Comercio,2019,459,314,640,-1,2,4
El Contenedor,Chile,Tecnologias,2019,507,468,990,-10,-2,1
El Contenedor,Chile,Tecnologias,2018,501,379,737,-13,-5,6
Electronic Identification,Mexico    ,Telecom,2019,821,353,1001,-3,14,20
ElegirSeguro.com,Argentina,Manufactura,2019,776,655,915,-3,14,1
Elenas,Colombia,Comercio,2019,460,513,692,-7,2,18
Emailage,Mexico,Servicios,2019,1110,503,1173,3,6,13
Emailage,Mexico,Servicios,2018,917,366,828,4,7,9
Emi Labs,Argentina,Comercio,2019,632,501,1128,-9,15,1
Emprestify,Argentina,Tecnologias,2019,1173,882,997,-10,9,2
Empreware,Argentina,Manufactura,2019,1428,685,1177,-9,0,17
Enbanca,Colombia,Comercio,2019,899,1047,994,2,0,14
Enconta,Mexico,Financiera,2019,794,845,867,-10,14,9
Enconta,Mexico,Financiera,2018,731,598,693,-11,13,5
Enso,Mexico,Tecnologias,2019,1266,828,610,-1,15,3
Enso,Mexico,Tecnologias,2018,1118,598,516,3,19,-2
ENTRENAMIENTO CEREBRAL,Colombia,Financiera,2019,713,513,586,-2,-3,15
Entrepreneurial Finance Lab [EFL Global],Peru,Manufactura,2019,967,963,849,-5,1,15
Entrepreneurial Finance Lab [EFL Global],Peru,Manufactura,2018,853,847,666,-6,0,16
EnvioClick,Mexico,Manufactura,2019,584,525,801,-6,15,9
ePesos,Mexico,Tecnologias,2019,518,815,868,-5,6,3
ePlata,Mexico,Manufactura,2019,939,537,1171,-9,14,10
E-prepag,Brasil,Comercio,2019,1144,383,861,-6,0,1
E-prepag,Brasil,Comercio,2018,1156,328,800,-7,-1,0
EqSeed,Brasil,Telecom,2019,704,396,800,-7,-3,1
Eurobits,Mexico    ,Manufactura,2019,728,355,887,1,0,5
Eurobits,Mexico    ,Manufactura,2018,669,329,724,-1,-2,4
Everbots,Mexico,Servicios,2019,705,751,775,1,11,12
Evotech Solution,Peru,Tecnologias,2019,668,697,894,0,10,19
Evotech Solution,Peru,Tecnologias,2018,509,489,593,1,11,16
EWALLY,Brasil,Financiera,2019,859,907,1185,-10,-3,10
Excel Credit,Colombia,Telecom,2019,787,832,999,-2,5,19
Expansive,Mexico,Tecnologias,2019,780,776,801,-4,1,12
EXPERT CLOUD ONE,Mexico,Financiera,2019,999,408,1029,1,12,15
EXPERT CLOUD ONE,Mexico,Financiera,2018,888,278,795,-1,10,10
Expert One SAP,Peru,Manufactura,2019,600,423,1184,-9,6,15
Exponencial,Colombia,Telecom,2019,828,688,901,-10,14,20
Exten,Brasil,Tecnologias,2019,1337,1014,716,-9,-1,9
Eye Capital,Argentina,Telecom,2019,937,768,819,1,1,20
Factoring Lab,Peru,Manufactura,2019,1169,682,793,4,1,14
Factoring Lab,Peru,Manufactura,2018,991,646,645,-1,-4,13
Factoring Total,Peru,Financiera,2019,865,631,790,1,-4,12
Factoring Total,Peru,Financiera,2018,794,508,657,-2,-7,13
Facturama,Mexico,Comercio,2019,1274,592,835,-6,13,2
Facturapi,Mexico,Servicios,2019,1447,430,960,-7,9,6
Facturapi,Mexico,Servicios,2018,1447,321,762,-5,11,2
Facturedo,Mexico,Servicios,2019,953,974,930,-10,-1,4
Fastura,Peru,Financiera,2019,456,771,807,5,7,18
Feenicia,Mexico,Financiera,2019,614,629,818,4,12,16
Ferratum Money,Mexico,Telecom,2019,664,692,704,-1,-3,9
Ferratum Money,Mexico,Telecom,2018,550,616,484,-6,-8,9
Fiesta,Colombia,Financiera,2019,553,476,794,0,15,3
Finaktiva,Colombia,Manufactura,2019,699,655,821,4,-5,10
Finaktiva,Colombia,Manufactura,2018,557,582,613,-1,-10,7
Financialo Mejor,Colombia,Servicios,2019,416,524,587,-9,11,16
FinanciarMe,RLA,Comercio,2019,937,465,804,3,3,20
FinanciarMe,RLA,Comercio,2018,742,399,538,6,6,18
Finanzas con O' alone,Peru,Servicios,2019,1490,527,957,-8,9,4
Finauta,Mexico,Tecnologias,2019,685,825,639,-2,-3,9
Finbitz,Mexico,Servicios,2019,464,583,917,4,7,13
Fincredix,Mexico,Servicios,2019,925,328,857,0,4,2
Fincredix,Mexico,Servicios,2018,750,265,695,1,5,1
Finerio,Mexico,Tecnologias,2019,353,590,795,-4,-5,17
FINGAME,Mexico,Comercio,2019,1150,674,873,-4,-1,6
Fino Bank,Mexico,Servicios,2019,502,600,984,-4,13,2
finpass,Brasil,Tecnologias,2019,715,906,810,-2,8,14
Finsmart Peru,Peru,Tecnologias,2019,995,594,896,-9,5,18
Finsmart Peru,Peru,Tecnologias,2018,867,487,690,-14,0,18
Finsocial,Colombia,Manufactura,2019,1124,517,922,5,-3,8
Finsocial,Colombia,Manufactura,2018,899,477,725,0,-8,8
Fintonic,Mexico,Manufactura,2019,612,762,823,-8,12,10
Fintual,Chile,Comercio,2019,910,748,673,2,10,4
Fintual,Chile,Comercio,2018,710,529,601,5,13,4
Finvox,Chile,Manufactura,2019,1394,830,574,-8,-2,20
Fisapay,Colombia,Financiera,2019,418,349,888,0,8,4
Flexibility,Argentina,Servicios,2019,639,385,845,5,0,8
Flink,Mexico,Servicios,2019,1403,1007,931,-9,13,2
Flink,Mexico,Servicios,2018,1221,779,835,-7,15,-3
Flow,Chile,Comercio,2019,1395,949,1081,-10,-3,9
FLY CAPITAL,Mexico,Comercio,2019,974,561,754,-5,12,18
FLY CAPITAL,Mexico,Comercio,2018,941,405,525,-9,8,22
FOL,Chile,Telecom,2019,1074,802,928,-6,3,9
Fondify,Mexico,Tecnologias,2019,921,967,798,5,-1,11
Fondify,Mexico,Tecnologias,2018,740,871,701,7,1,8
Founder List,Chile,Telecom,2019,1099,1043,847,3,-4,1
Foxbit,Brasil,Financiera,2019,790,433,883,-5,-4,15
Fulljaus,Argentina,Servicios,2019,777,508,813,-7,-1,14
Fundary,Mexico,Manufactura,2019,654,385,649,2,9,6
Fundary,Mexico,Manufactura,2018,565,294,467,3,10,11
Garantias Comunitarias,Colombia,Manufactura,2019,423,563,735,-6,3,7
GCS International,RLA,Servicios,2019,461,470,909,-6,4,11
GEN Info Rule,Mexico,Tecnologias,2019,841,505,550,4,8,13
GeoPagos,Argentina,Financiera,2019,806,545,914,-6,-4,5
Geru,Brasil,Tecnologias,2019,720,526,915,-2,11,0
Geru,Brasil,Tecnologias,2018,640,349,843,0,13,3
Gesintel,Chile,Tecnologias,2019,958,366,803,-8,12,10
Gesintel,Chile,Tecnologias,2018,758,242,666,-4,16,12
Gestionix,Mexico,Comercio,2019,618,622,972,3,7,4
Get Justo,Chile,Telecom,2019,1030,594,1155,3,7,18
Get Justo,Chile,Telecom,2018,790,472,901,-1,3,14
Gigamont,RLA,Comercio,2019,835,580,858,-3,5,8
Glebba Investimentos,Brasil,Financiera,2019,763,562,809,-1,13,9
Global 66,Chile,Financiera,2019,372,905,796,-2,-5,18
Global Processing S.A.,Argentina,Manufactura,2019,633,978,714,-8,7,10
Global Processing S.A.,Argentina,Manufactura,2018,626,760,575,-7,8,8
GlobalPay Solutions,RLA,Servicios,2019,787,335,760,-3,-5,1
Go Socket,Colombia,Manufactura,2019,877,532,820,-4,2,17
Go Socket,Colombia,Manufactura,2018,867,462,633,-6,0,19
Goonder,RLA,Telecom,2019,1180,976,559,-8,3,17
Gosur,Argentina,Tecnologias,2019,331,628,561,-9,10,1
Gosur,Argentina,Tecnologias,2018,308,455,504,-10,9,-1
Grupo Travelex Confidence,Brasil,Comercio,2019,489,898,821,2,13,1
Grupokonstruir,Argentina,Manufactura,2019,356,545,715,-9,14,6
Guia TIC,Colombia,Servicios,2019,1293,651,632,-8,0,14
GuiaBolso,Brasil,Telecom,2019,785,803,780,-10,7,15
GuiaBolso,Brasil,Telecom,2018,734,672,583,-6,11,15
Gulungo,Colombia,Servicios,2019,427,714,757,2,4,15
Gulungo Colombia,Colombia,Tecnologias,2019,1360,686,983,-5,9,0
Hack Metrix,Chile,Tecnologias,2019,558,626,874,-6,7,5
Hello ZUM,Peru,Comercio,2019,623,614,817,5,9,6
Helpers S.A.C,Peru,Servicios,2019,834,666,611,3,6,17
Helpers S.A.C,Peru,Servicios,2018,733,516,427,8,11,13
Hipoko,Colombia,Comercio,2019,914,647,975,-6,-1,15
Hipoko,Colombia,Comercio,2018,725,507,744,-3,2,14
Hipotecario Facil,Chile,Tecnologias,2019,1141,583,1135,1,2,9
Holberton School Colombia,Colombia,Financiera,2019,1137,1022,802,-6,10,12
Holberton School Colombia,Colombia,Financiera,2018,895,844,579,-1,15,8
Homie,Mexico,Tecnologias,2019,623,354,922,-9,10,3
Hurra Credit,Mexico,Financiera,2019,897,591,1071,-4,6,6
Ibanonline,RLA,Comercio,2019,588,913,734,-6,4,1
Ibitt,Chile,Comercio,2019,1165,379,895,0,-3,17
Ibitt,Chile,Comercio,2018,986,307,752,-2,-5,13
iCasas Mexico,Mexico,Comercio,2019,1203,574,565,0,6,0
Ictineo Ptf,Mexico,Comercio,2019,1425,530,859,-7,-1,11
Ictineo Ptf,Mexico,Comercio,2018,1296,524,664,-11,-5,15
Id Finance,Mexico,Servicios,2019,1429,508,774,3,-1,17
IdentityMind Global,Mexico,Comercio,2019,871,937,840,4,-4,6
IdentityMind Global,Mexico,Comercio,2018,742,747,685,2,-6,3
IDwall,Brasil,Manufactura,2019,629,696,802,0,14,14
iFood,Brasil,Telecom,2019,1138,613,561,-2,14,1
Ignis Ventas,Peru,Manufactura,2019,420,1009,615,-4,13,1
iKiwi,Argentina,Telecom,2019,312,1088,834,3,14,16
iKiwi,Argentina,Telecom,2018,228,728,567,4,15,16
ILB Company,Chile,Manufactura,2019,1383,476,838,-7,-1,0
Imagine XYZ,RLA,Servicios,2019,518,723,564,3,5,5
Imix,Colombia,Comercio,2019,586,814,995,-6,-2,4
Impesa,RLA,Comercio,2019,1260,357,558,1,12,8
Impulso Crediticio,Mexico,Manufactura,2019,414,552,581,-5,8,4
Impulso Crediticio,Mexico,Manufactura,2018,310,439,523,0,13,1
Incapital Inversiones y Capitales,Peru,Financiera,2019,675,340,1093,-9,3,10
Incapital Inversiones y Capitales,Peru,Financiera,2018,637,292,814,-11,1,14
Incluirtec,Colombia,Financiera,2019,793,563,792,0,10,14
Increase,Argentina,Manufactura,2019,1039,520,784,-4,2,20
Increase,Argentina,Manufactura,2018,948,424,574,-8,-2,16
Increasecard,Argentina,Manufactura,2019,794,514,600,-1,-2,2
Independencia,Peru,Telecom,2019,400,589,753,-6,11,9
Infocorp,RLA,Telecom,2019,401,612,1136,-2,-3,17
Ingage Digital,Brasil,Tecnologias,2019,640,512,1132,0,8,12
Ingage Digital,Brasil,Tecnologias,2018,495,381,785,2,10,11
Iniciativas Empreendedoras,Brasil,Comercio,2019,686,455,688,1,0,10
Inka Labs,Peru,Tecnologias,2019,309,871,655,4,2,7
Inka Labs,Peru,Tecnologias,2018,271,711,560,6,4,11
INNKU,Mexico,Telecom,2019,1200,652,842,-1,14,7
Innova Factoring,Peru,Manufactura,2019,1352,397,790,-3,-5,1
Innova Factoring,Peru,Manufactura,2018,1102,401,617,-8,-10,1
Instapago,RLA,Comercio,2019,471,1005,830,2,2,2
Inteligencia Capital,Mexico,Financiera,2019,1074,760,870,-6,2,17
Intiza,Argentina,Financiera,2019,1211,670,1119,1,6,1
Intrades,Colombia    ,Comercio,2019,1231,1022,1120,-2,-2,14
Intrades,Colombia    ,Comercio,2018,1142,790,890,-3,-3,17
Inversionate,RLA,Servicios,2019,275,1094,1059,-2,1,2
Inverspot,Mexico,Tecnologias,2019,267,382,740,-2,-4,6
Invest Latam,Colombia,Telecom,2019,765,613,987,-7,-5,7
Invierte Con Expertos,Mexico,Telecom,2019,721,918,952,-1,3,4
Invoop,Brasil,Telecom,2019,853,517,843,-7,1,6
Invoop,Brasil,Telecom,2018,786,485,706,-10,-2,5
Invuelto,Argentina,Manufactura,2019,956,995,956,-8,11,4
Invuelto,Argentina,Manufactura,2018,934,839,907,-10,9,-1
Ionix,Chile,Telecom,2019,655,392,974,-2,13,0
IOV Labs,Argentina,Financiera,2019,1231,685,1089,4,12,9
IOV Labs,Argentina,Financiera,2018,1146,467,814,2,10,11
Iproveedor,Colombia,Servicios,2019,849,805,939,-2,5,18
IS2B,Brasil,Financiera,2019,377,493,874,-3,13,20
ISF,Brasil,Telecom,2019,724,769,1004,-2,2,11
IT Process SpA,Chile,Manufactura,2019,524,555,1180,3,14,10
IT Process SpA,Chile,Manufactura,2018,460,408,920,-1,10,9
iUCollect,Colombia,Tecnologias,2019,1386,803,814,2,1,19
Ixpandit,Argentina,Servicios,2019,1230,843,889,-8,1,0
Ixpandit,Argentina,Servicios,2018,1299,799,668,-11,-2,5
iZettle,Brasil,Telecom,2019,575,448,585,-7,13,1
Jeitto,Brasil,Comercio,2019,788,391,993,4,-4,6
Jeitto,Brasil,Comercio,2018,654,351,794,6,-2,5
Jobecam,Brasil,Financiera,2019,401,1006,1200,0,9,11
Jooycar,Chile,Telecom,2019,665,774,921,-5,9,14
Juros Baixos,Brasil,Telecom,2019,992,550,767,-9,-2,7
JustClick Media,Brasil,Servicios,2019,511,803,893,3,4,19
JustClick Media,Brasil,Servicios,2018,447,666,652,5,6,19
Kambista,Peru,Telecom,2019,1453,641,900,-10,-5,16
Kapital Zocial,Peru,Tecnologias,2019,902,849,936,1,-4,9
Kapitalizalo,Mexico,Financiera,2019,543,575,590,2,-2,17
Kashio,Peru    ,Financiera,2019,867,491,1021,0,5,1
Kavod Lending,Brasil,Manufactura,2019,491,599,919,-6,1,8
Kavod Lending,Brasil,Manufactura,2018,518,511,620,-11,-4,11
KeroGrana,Brasil,Telecom,2019,908,418,1079,-8,5,11
KeroGrana,Brasil,Telecom,2018,928,324,867,-10,3,7
Key Ex,Peru,Telecom,2019,937,554,946,3,14,12
Khipu,Chile,Comercio,2019,948,687,929,4,-3,18
Khipu,Chile,Comercio,2018,724,582,575,6,-1,21
Kickante,Brasil,Telecom,2019,1047,395,932,-8,13,1
Klustera,Mexico,Servicios,2019,558,679,938,3,0,16
Koibanx,RLA,Financiera,2019,1251,566,884,-7,3,6
KOIN,Brasil,Telecom,2019,548,775,1179,-3,-2,4
KOIN,Brasil,Telecom,2018,455,623,893,1,2,-1
Konfio,Mexico,Comercio,2019,409,756,945,0,13,3
Konfront,Mexico,Comercio,2019,1467,408,808,1,-1,2
Konfront,Mexico,Comercio,2018,1274,374,641,-1,-3,-3
Konkero,Brasil,Servicios,2019,1261,366,1130,-10,11,0
Konsigue,Mexico,Financiera,2019,1351,542,786,-4,-5,14
Konsigue,Mexico,Financiera,2018,1172,572,570,-9,-10,13
Kontigo,Peru,Telecom,2019,500,528,666,5,14,13
Kovi,Brasil,Manufactura,2019,710,797,740,-3,15,1
Kredicity,Mexico,Servicios,2019,1291,972,997,-3,5,7
Kredito,Chile,Comercio,2019,1122,431,997,5,12,9
Kredito,Chile,Comercio,2018,830,364,808,4,11,11
Kria,Brasil,Tecnologias,2019,545,993,817,-2,5,4
Kriptos,RLA,Financiera,2019,1320,701,993,-3,12,10
Kuanto,Colombia,Telecom,2019,1042,676,1200,1,11,0
KUARIX,Mexico,Telecom,2019,271,928,840,-9,3,4
Kubo Financiero,Mexico,Comercio,2019,1376,513,904,-9,-1,7
Kubo Financiero,Mexico,Comercio,2018,1420,446,737,-8,0,3
Kueski,Mexico,Tecnologias,2019,997,869,909,-3,1,16
Kueski,Mexico,Tecnologias,2018,840,721,634,2,6,19
Kuiki,RLA,Telecom,2019,1406,819,858,-7,3,15
Kunder,Chile,Financiera,2019,1130,672,768,-8,8,18
Kunder,Chile,Financiera,2018,920,547,559,-3,13,18
Kupi,Colombia,Manufactura,2019,1452,549,1085,5,3,14
Kushki,Colombia    ,Comercio,2019,302,719,958,-9,10,11
Kuspit,Mexico,Servicios,2019,1076,577,1082,-8,1,3
La Casa es Primero,Mexico,Servicios,2019,403,392,791,5,13,17
La Casa es Primero,Mexico,Servicios,2018,294,329,574,4,12,13
La magica,Peru,Telecom,2019,791,521,814,1,-2,10
La Plataforma,Chile,Telecom,2019,995,1059,717,3,6,15
La Plataforma,Chile,Telecom,2018,720,755,510,5,8,11
LaHaus,Colombia,Servicios,2019,1370,418,848,2,-5,16
Lana,Mexico,Comercio,2019,829,421,702,-2,0,15
Lana,Mexico,Comercio,2018,746,326,476,0,2,12
Latin Fintech,Peru,Manufactura,2019,1090,484,568,-7,13,4
Laudox,Peru,Comercio,2019,943,742,873,0,-2,1
Legal Bot,Brasil,Financiera,2019,746,524,845,2,10,18
LenddoEFL,Mexico,Manufactura,2019,807,838,868,5,2,15
LenddoEFL,Mexico,Manufactura,2018,713,680,741,4,1,10
Lendera,Mexico,Telecom,2019,1175,789,779,1,5,4
Lendico Brasil,Brasil,Telecom,2019,1213,357,909,5,15,11
Libera,Colombia,Comercio,2019,263,938,715,-3,6,10
Licita Leasing,Chile,Servicios,2019,506,857,983,-6,7,7
Ligo,Peru,Manufactura,2019,704,761,754,-6,-1,3
Ligo,Peru,Manufactura,2018,624,678,523,-3,2,8
Linckard,Argentina,Telecom,2019,1468,588,1126,-3,-5,2
Linckard,Argentina,Telecom,2018,1406,499,914,-5,-7,1
Lineru,Colombia,Telecom,2019,740,939,856,3,12,12
Lineup Media Group,Mexico,Servicios,2019,1338,751,894,3,-3,3
Lineup Media Group,Mexico,Servicios,2018,1152,611,832,8,2,2
Linio Group,Mexico,Financiera,2019,800,574,734,2,-4,19
Lleida,Mexico,Telecom,2019,664,713,818,4,-5,9
Location World,RLA,Tecnologias,2019,756,526,832,-2,-1,15
Loft,Brasil,Financiera,2019,498,638,586,-5,8,10
Loft,Brasil,Financiera,2018,503,466,513,-9,4,5
Loggi,Brasil,Comercio,2019,286,967,1200,3,2,20
Logiety,Mexico,Telecom,2019,1119,394,1088,-10,2,12
Logiety,Mexico,Telecom,2018,955,304,830,-11,1,10
Logstore,Brasil,Manufactura,2019,468,845,595,-5,2,5
Loyalty Refunds,Mexico,Comercio,2019,895,489,814,-3,-1,4
Loyalty Refunds,Mexico,Comercio,2018,791,463,633,-5,-3,-1
Luka,Colombia,Comercio,2019,953,622,908,0,14,9
Lumbrera,Mexico,Servicios,2019,975,1087,867,-10,14,0
Lumni,Colombia,Servicios,2019,327,519,698,-5,1,7
Lyntik,Colombia,Financiera,2019,596,649,865,4,13,6
Lyntik,Colombia,Financiera,2018,437,467,796,9,18,1
M2CROWD,Mexico,Comercio,2019,553,825,663,-8,11,9
Mach,Chile,Financiera,2019,1061,443,974,3,4,12
MadeiraMadeira,Brasil,Comercio,2019,1060,533,839,1,3,0
Magnetis,Brasil,Financiera,2019,422,513,630,-5,13,20
Makers Solutions,Colombia,Tecnologias,2019,1422,602,806,-8,2,13
Makers Solutions,Colombia,Tecnologias,2018,1389,471,604,-13,-3,12
MASS Capital,Mexico,Manufactura,2019,1101,823,1060,-7,6,19
MASS Capital,Mexico,Manufactura,2018,1077,576,812,-6,7,24
MassChallenge Mexico,Mexico,Financiera,2019,704,677,565,3,2,1
Mati,Mexico,Manufactura,2019,309,608,909,-7,-2,11
Mati,Mexico,Manufactura,2018,253,468,694,-5,0,6
Meca,Brasil,Servicios,2019,1290,412,678,2,4,20
mecubro,Argentina,Telecom,2019,806,515,907,-10,-1,16
Media Trends Group,Chile,Servicios,2019,496,584,798,-4,1,15
MelhorCambio.com,Brasil,Manufactura,2019,478,756,1000,1,0,12
MelhorCambio.com,Brasil,Manufactura,2018,423,661,720,5,4,11
Melhortaxa,Brasil,Servicios,2019,1121,524,825,1,9,17
Mensajea,Peru,Tecnologias,2019,302,724,1171,-4,10,4
Mensajea,Peru,Tecnologias,2018,260,610,923,-6,8,4
Mercado Bitcoin,Brasil,Financiera,2019,662,643,554,-3,2,8
Mercado de capitales,Chile,Financiera,2019,580,1036,596,-6,7,10
Mercado de capitales,Chile,Financiera,2018,508,954,476,-11,2,5
Mercado Libre,Argentina,Financiera,2019,445,1028,923,2,-1,9
Mercado Pago,Argentina,Comercio,2019,873,745,932,2,-4,14
Mercadoni,Colombia,Manufactura,2019,899,526,787,-4,6,7
Mercados G,Chile,Manufactura,2019,449,810,669,1,-2,3
Mercados G,Chile,Manufactura,2018,374,656,573,3,0,5
Mercania,Peru,Tecnologias,2019,962,436,1130,2,13,15
Mercofact,RLA,Telecom,2019,713,367,944,-7,3,18
Mercos,Brasil,Financiera,2019,765,761,999,0,6,0
Mesfix,Colombia,Telecom,2019,931,798,1125,1,14,7
Meus Pedidos,Brasil,Manufactura,2019,918,429,623,-6,12,20
Meus Pedidos,Brasil,Manufactura,2018,758,354,459,-8,10,22
Meus Ynvestimentos,Brasil,Servicios,2019,679,604,974,1,-4,20
Meus Ynvestimentos,Brasil,Servicios,2018,519,604,764,-2,-7,16
Mex Pago,Mexico,Tecnologias,2019,1000,950,1006,-1,9,8
Mi Credit Peru,Peru,Financiera,2019,565,620,586,-7,1,11
Mi Credit Peru,Peru,Financiera,2018,453,494,472,-4,4,14
MiBolsillo,Peru,Servicios,2019,1224,732,974,4,2,15
mibucle,Argentina,Comercio,2019,790,315,723,5,0,15
MidPointFX,Peru,Telecom,2019,1097,839,1023,-4,-1,11
MiFinanzas,RLA,Telecom,2019,997,355,602,-5,4,12
MiFinanzas,RLA,Telecom,2018,966,295,484,-2,7,8
Mimoni,Mexico,Financiera,2019,698,787,962,-1,4,17
MindMiners,Brasil,Telecom,2019,909,699,1170,-6,11,17
MindMiners,Brasil,Telecom,2018,794,493,910,-5,12,17
Minka,Colombia,Manufactura,2019,1277,1094,947,-1,14,12
MinniS,Brasil,Manufactura,2019,532,812,772,4,13,9
MinniS,Brasil,Manufactura,2018,494,610,562,0,9,14
minu,Mexico,Tecnologias,2019,541,797,890,-1,3,16
MO Tecnologias,Colombia,Servicios,2019,934,678,809,0,2,4
Mobbex,Argentina,Financiera,2019,362,454,592,3,8,2
MobtionBusiness,RLA,Manufactura,2019,940,303,716,-10,13,4
MobtionBusiness,RLA,Manufactura,2018,920,225,567,-6,17,6
MODIAX,Brasil,Manufactura,2019,807,455,943,-10,-2,2
Monetus,Brasil,Telecom,2019,517,650,1164,5,-2,13
Moni Online,Argentina,Tecnologias,2019,1249,866,1066,0,10,17
Monific,Mexico,Tecnologias,2019,1146,534,843,1,13,18
Monkey Exchange,Brasil,Financiera,2019,556,692,953,-4,3,15
Monkey Exchange,Brasil,Financiera,2018,496,567,672,-7,0,12
MOON Money Online,Argentina,Tecnologias,2019,856,1092,1080,4,14,14
MOON Money Online,Argentina,Tecnologias,2018,642,833,759,0,10,18
Mooven Consulting,Brasil,Financiera,2019,971,735,711,-6,7,5
Motormax,Argentina,Manufactura,2019,1313,449,594,-10,-3,14
Motormax,Argentina,Manufactura,2018,1216,409,441,-5,2,13
Movii,Colombia,Financiera,2019,1392,775,560,3,-2,17
moyoAi,Mexico,Manufactura,2019,1054,849,1165,-2,-5,16
MR Presta,Mexico,Telecom,2019,480,837,794,4,-5,12
Msts,Mexico,Telecom,2019,423,895,1198,-8,9,15
Msts,Mexico,Telecom,2018,413,669,861,-10,7,14
Multi Caja,Chile,Financiera,2019,888,539,818,-4,1,19
Mundo Pipol,Chile,Telecom,2019,482,328,712,-8,4,0
Mundo Pipol,Chile,Telecom,2018,386,264,620,-4,8,1
Muttual,Mexico,Servicios,2019,999,636,837,3,-1,3
Mutular,Brasil,Comercio,2019,868,656,964,5,-1,12
Mutular,Brasil,Comercio,2018,753,610,751,6,0,9
Mutuo Financiera,Mexico,Servicios,2019,415,752,852,-8,-3,8
MZP TECH,Argentina,Comercio,2019,1104,310,854,-8,-1,18
N5 Now,Argentina,Financiera,2019,511,809,874,2,3,10
Nabica,Colombia,Telecom,2019,1316,988,848,-7,-5,17
Nabica,Colombia,Telecom,2018,1316,933,555,-12,-10,19
Nagro,Brasil,Telecom,2019,323,666,1162,-1,8,13
Nama,Brasil,Comercio,2019,428,939,916,-8,3,20
NATEXO,Brasil,Telecom,2019,1381,698,1056,-4,-3,20
Neogrid,Brasil,Financiera,2019,514,342,987,-3,5,5
Neon,Brasil,Comercio,2019,1038,505,973,-2,-1,14
Neon,Brasil,Comercio,2018,917,461,662,3,4,16
Net M,Colombia,Financiera,2019,637,394,838,-3,3,5
Net M,Colombia,Financiera,2018,617,287,729,-2,4,0
Nexoos,Brasil,Telecom,2019,1093,311,815,-3,4,20
NEXXTO,Brasil,Telecom,2019,1342,615,839,-3,1,2
NEXXTO,Brasil,Telecom,2018,996,462,685,1,5,4
Nibo,Brasil,Telecom,2019,781,413,918,1,-2,15
NOCNOK,Mexico,Comercio,2019,1076,525,896,1,7,9
Novo Payment,Colombia,Financiera,2019,1065,616,912,-1,4,3
Nubank,Brasil,Telecom,2019,1181,678,974,-6,-1,13
Nubank,Brasil,Telecom,2018,1206,586,726,-9,-4,10
Nubox Chile,Chile,Manufactura,2019,945,559,816,0,15,5
O2OiX,Brasil,Manufactura,2019,567,693,605,2,14,1
O2OiX,Brasil,Manufactura,2018,495,524,493,3,15,-2
Ocapital,Mexico,Comercio,2019,522,890,696,-9,12,20
Oficina Inteligente,Brasil,Comercio,2019,663,672,768,-9,15,12
Oficina Inteligente,Brasil,Comercio,2018,536,529,640,-6,18,14
Oingz,Colombia,Servicios,2019,945,713,981,5,-4,0
Olist,Brasil,Telecom,2019,968,604,969,-9,-4,7
Omie,Brasil,Tecnologias,2019,662,659,820,1,11,17
Omnibnk,Colombia,Financiera,2019,911,583,989,0,3,13
Omnibnk,Colombia,Financiera,2018,743,531,633,-2,1,17
Organizame,Chile,Tecnologias,2019,897,576,896,0,15,15
Orionx.com,Chile,Servicios,2019,792,905,995,-2,3,18
Osayk,Brasil,Manufactura,2019,1153,1084,889,-6,1,2
OSPA,Brasil,Manufactura,2019,1073,734,903,5,-5,17
Otimiza Beneficios,Brasil,Comercio,2019,775,683,758,5,-4,7
Otimiza Beneficios,Brasil,Comercio,2018,603,589,668,4,-5,2
Outra Coisa,Brasil,Servicios,2019,452,813,754,-3,6,9
Outra Coisa,Brasil,Servicios,2018,353,627,681,-4,5,4
Paga Ya,Chile,Servicios,2019,973,716,965,2,5,9
Pagadespues,Peru,Financiera,2019,1383,595,1173,3,13,16
Pagadespues,Peru,Financiera,2018,1103,454,938,4,14,15
Pagamobil.com,Mexico,Tecnologias,2019,816,434,1137,-3,-3,7
Paganza,RLA,Tecnologias,2019,683,820,1177,-2,0,2
Paggi,Peru,Financiera,2019,592,577,847,-10,-4,10
Pago 46,Chile,Manufactura,2019,1052,618,853,0,2,9
Pago 46,Chile,Manufactura,2018,880,519,659,-2,0,6
Pago Facil,Chile,Financiera,2019,1266,531,810,3,9,17
PagoFlash,RLA,Servicios,2019,586,1004,777,-8,0,14
PagoFlash,RLA,Servicios,2018,540,952,565,-10,-2,14
Pagos 360,Argentina,Comercio,2019,852,638,863,-10,-2,8
PagPop,Brasil,Manufactura,2019,486,913,712,-7,-5,7
PagPop,Brasil,Manufactura,2018,459,814,554,-9,-7,4
Paprika Marketing Digital,RLA,Financiera,2019,1210,745,966,-8,9,8
Par Mais,Brasil,Telecom,2019,968,329,944,-2,0,2
PayGol - Worldwide payments,Chile,Servicios,2019,430,360,973,-8,14,10
Payit,Mexico,Manufactura,2019,740,907,576,3,14,13
Payit,Mexico,Manufactura,2018,593,631,475,1,12,9
Payku,Chile,Comercio,2019,674,710,911,1,7,3
Payllix,Mexico,Servicios,2019,883,629,681,-1,12,5
Paynom,Mexico,Telecom,2019,997,626,985,-10,0,14
PayPhone,RLA,Manufactura,2019,582,379,674,3,15,19
PaySur,Argentina,Tecnologias,2019,593,777,827,-10,15,0
PaySur,Argentina,Tecnologias,2018,468,589,801,-5,20,-2
Paytech Holding,Chile,Tecnologias,2019,539,772,686,-4,12,8
Paytech Holding,Chile,Tecnologias,2018,429,616,567,-2,14,4
PayU,Colombia    ,Servicios,2019,984,788,736,5,-3,7
Payvalida,Colombia,Servicios,2019,768,526,820,-1,4,0
Payvalida,Colombia,Servicios,2018,662,420,637,-5,0,-1
PedidosYa,RLA,Manufactura,2019,847,450,965,-10,12,10
People Tech,Colombia,Telecom,2019,861,318,722,1,4,8
Pesp,Mexico,Telecom,2019,783,739,606,1,7,20
PH3A,Brasil,Tecnologias,2019,1090,333,733,-6,12,15
PH3A,Brasil,Tecnologias,2018,1034,253,480,-1,17,16
Pilgrims Game Studio,Argentina,Comercio,2019,877,529,816,-4,-2,0
Pipefy,Brasil,Comercio,2019,826,947,651,-2,5,2
Pipefy,Brasil,Comercio,2018,730,863,499,-5,2,-1
PlacetoPay,Colombia,Comercio,2019,344,533,764,-4,-1,17
Plant Scanner,Brasil,Servicios,2019,603,754,977,5,-4,6
Plant Scanner,Brasil,Servicios,2018,411,709,705,10,1,8
Platiti,Colombia,Financiera,2019,565,640,1161,1,10,18
Play Business,Mexico,Telecom,2019,461,568,949,2,11,6
Pm2,Mexico,Servicios,2019,797,831,829,-1,-1,11
Poincenot,Argentina,Manufactura,2019,503,569,565,4,15,4
Poincenot,Argentina,Manufactura,2018,399,443,448,2,13,2
Poincenot Technology Studio,Argentina,Tecnologias,2019,878,1057,1134,5,2,8
Polygon Fintech,Mexico,Comercio,2019,1426,677,894,0,0,14
Polymath Ventures,Colombia,Servicios,2019,385,302,970,1,0,5
Portafolio personal inversiones,Argentina,Telecom,2019,772,588,911,-3,9,20
Power Influencer,Chile,Tecnologias,2019,1368,304,1000,-10,11,12
Power Influencer,Chile,Tecnologias,2018,1187,244,700,-9,12,7
Powwi,Colombia,Servicios,2019,756,427,663,-3,12,6
Powwi,Colombia,Servicios,2018,655,317,484,-2,13,8
PPAP Manager Corporation,Mexico,Tecnologias,2019,1126,910,1122,1,3,2
Prana Group MX,Mexico,Financiera,2019,785,449,1060,3,11,1
Prana Group MX,Mexico,Financiera,2018,610,386,797,-1,7,1
Presta Gente,Colombia,Tecnologias,2019,741,1041,1181,4,6,1
Prestamos 24,Chile,Financiera,2019,978,312,756,-9,-1,6
Prestamos en un Click,Mexico,Comercio,2019,1346,1028,1090,0,2,15
Prestamype,Peru,Servicios,2019,816,313,781,-6,13,8
Prestamype,Peru,Servicios,2018,692,198,639,-1,18,5
Prezzta,RLA,Telecom,2019,348,356,1064,-7,13,6
Prometeo,RLA,Comercio,2019,738,686,825,2,4,13
Prometeo,RLA,Comercio,2018,591,508,588,6,8,8
Promologistics S.A. de C.V.,Mexico,Manufactura,2019,1161,311,768,-3,-4,10
Pronto!,RLA,Tecnologias,2019,961,762,686,4,8,2
Pronto!,RLA,Tecnologias,2018,716,654,524,2,6,2
Propeler,Mexico,Tecnologias,2019,772,753,918,-3,2,12
Prosol,Colombia,Manufactura,2019,629,1020,778,-7,13,1
Punto Com Rent,Peru,Telecom,2019,427,1048,803,-10,10,9
Punto Red,Colombia,Servicios,2019,933,958,939,-10,-4,20
Punto Red,Colombia,Servicios,2018,796,897,584,-11,-5,22
Punto Rojo,Argentina,Tecnologias,2019,1414,955,896,0,12,18
Punto Total,Chile,Telecom,2019,333,1014,945,-7,7,16
Qpaypro,RLA,Telecom,2019,489,362,627,-7,13,8
Quanto,Brasil,Tecnologias,2019,1287,304,563,-3,-4,12
Quantum X,Chile,Tecnologias,2019,1129,1091,1103,5,2,5
Quantum X,Chile,Tecnologias,2018,979,815,827,6,3,8
QueroQuitar,Brasil,Telecom,2019,1349,500,553,-3,2,6
QueroQuitar,Brasil,Telecom,2018,1105,439,414,-6,-1,4
Quincen Lana,Mexico,Manufactura,2019,709,711,709,-8,8,11
QuintoAndar,Brasil,Manufactura,2019,260,618,929,-8,13,5
QuintoAndar,Brasil,Manufactura,2018,274,453,729,-12,9,7
Quotanda,Mexico,Manufactura,2019,597,666,616,-7,13,5
Qvo,Chile,Manufactura,2019,577,559,678,3,-2,0
R5,Colombia,Telecom,2019,1156,748,965,-7,11,15
Radix Wealth Care,RLA,Comercio,2019,1021,832,973,-7,-5,6
Radix Wealth Care,RLA,Comercio,2018,976,734,801,-8,-6,8
Raffcom,Brasil,Tecnologias,2019,801,448,861,-4,9,1
Rapicredito,Argentina,Comercio,2019,415,424,657,-9,-1,18
Rapicredito,Argentina,Comercio,2018,335,365,476,-6,2,20
Rappi,Colombia,Comercio,2019,581,513,917,0,2,8
Real Trends,Argentina,Comercio,2019,957,686,690,1,1,13
Real Trends,Argentina,Comercio,2018,907,643,514,-4,-4,18
Realcred,Argentina,Servicios,2019,703,536,838,-1,2,19
RecargaPay,Brasil,Servicios,2019,1451,803,862,-6,9,2
Recaudia,Mexico,Servicios,2019,1365,555,584,0,-1,3
Red Capital,Chile,Financiera,2019,844,976,984,2,12,10
Red Capital,Chile,Financiera,2018,722,720,658,-3,7,15
Red Kobra,Mexico,Manufactura,2019,408,1075,849,3,-5,10
Redelcom,Chile,Manufactura,2019,1215,550,938,3,14,1
Redpoint eventures,Brasil,Financiera,2019,963,662,584,5,-2,0
ReFrame CL,Chile,Comercio,2019,677,421,846,-7,5,11
Regtech Legal Advice,Mexico,Manufactura,2019,437,922,813,-7,14,19
Regtech Legal Advice,Mexico,Manufactura,2018,410,681,621,-2,19,23
Regum,RLA,Manufactura,2019,626,449,638,-3,6,17
Regum,RLA,Manufactura,2018,594,398,454,-2,7,22
Rentdis,Mexico,Financiera,2019,850,541,802,0,-1,3
Replika,Brasil,Tecnologias,2019,778,518,852,-6,-4,12
Replika,Brasil,Tecnologias,2018,675,518,684,-9,-7,17
Representame,Chile,Comercio,2019,709,1077,1152,-6,-4,6
Resuelve tu Deuda,Mexico,Manufactura,2019,438,1050,1015,4,-3,12
Resultados Dititais,Brasil,Financiera,2019,1232,652,851,-10,10,1
Rextie,Peru,Servicios,2019,1034,411,751,-7,-5,13
Rextie,Peru,Servicios,2018,932,327,579,-8,-6,18
Rinde Gastos,Chile,Financiera,2019,774,710,1031,-5,-1,14
Ripio,Argentina,Servicios,2019,265,757,620,-1,14,19
Ripio,Argentina,Servicios,2018,216,540,392,4,19,20
Rocket.la,Mexico,Comercio,2019,520,503,815,-7,6,1
Rocktech,Mexico,Manufactura,2019,1245,814,810,-8,8,4
Rocktech,Mexico,Manufactura,2018,1103,561,680,-3,13,0
Rufi,Mexico,Comercio,2019,440,565,768,-1,9,20
Rundeck Latam,Chile,Financiera,2019,683,794,710,-2,9,6
Ruvix,Chile,Manufactura,2019,679,600,1145,3,-3,0
S4,Argentina,Servicios,2019,743,396,1065,-9,4,16
S4,Argentina,Servicios,2018,820,300,674,-14,-1,20
Saldo,Mexico,Financiera,2019,944,518,939,-7,8,20
SASI,Mexico,Manufactura,2019,737,567,812,-4,-2,20
Se Socio,Chile,Telecom,2019,756,697,1012,0,2,7
SecSignal,Chile,Servicios,2019,604,618,833,5,11,10
SeguriData,Mexico,Comercio,2019,524,712,579,4,-3,1
SeguriData,Mexico,Comercio,2018,452,607,488,2,-5,-4
Seguro Canguro,Colombia,Comercio,2019,867,992,1188,-2,-2,17
Seguro Canguro,Colombia,Comercio,2018,765,847,883,3,3,21
SeguroSimple,Mexico,Telecom,2019,841,880,1001,3,11,7
Sempli,Colombia,Comercio,2019,1183,1039,1005,4,11,13
Sempli,Colombia,Comercio,2018,951,714,762,2,9,12
Sensix Agro,Brasil,Manufactura,2019,742,434,680,-9,12,13
SeSocio.com,Argentina,Manufactura,2019,419,569,623,-3,4,10
Siembro,Argentina,Manufactura,2019,606,837,757,-2,7,4
Siigo,Colombia,Financiera,2019,612,533,784,1,-1,7
Siigo,Colombia,Financiera,2018,450,485,578,2,0,7
Simetrik,Colombia,Comercio,2019,1244,598,895,-2,2,19
Simple DTE,Chile,Manufactura,2019,621,770,883,2,-4,12
Simple DTE,Chile,Manufactura,2018,507,652,635,4,-2,14
Sin Delantal,Mexico,Manufactura,2019,1118,537,878,1,5,8
Singular Banking,Chile,Servicios,2019,419,1019,898,-2,-2,7
Singular Banking,Chile,Servicios,2018,370,890,836,-5,-5,2
Sistemas ESCO S.A.,Argentina,Financiera,2019,480,420,598,3,3,9
SIX DEGREES IT,Colombia,Tecnologias,2019,480,917,933,-6,8,10
Smart Lending,Mexico,Servicios,2019,277,606,600,5,12,12
SMU Investimentos,Brasil,Financiera,2019,1498,589,1000,-6,-1,18
SMU Investimentos,Brasil,Financiera,2018,1250,525,743,-3,2,21
Socialneed,RLA,Comercio,2019,1369,574,748,1,12,7
Sofila,Peru,Financiera,2019,494,333,759,2,-3,14
Solven,Peru,Manufactura,2019,979,849,767,1,-5,13
Solventa,Argentina,Tecnologias,2019,964,497,761,0,-3,19
SrPago,Mexico,Servicios,2019,671,765,904,-8,13,18
SrPago,Mexico,Servicios,2018,599,598,702,-6,15,21
Stone,Brasil,Servicios,2019,457,544,585,2,13,12
Stone,Brasil,Servicios,2018,375,412,449,1,12,12
Sube Agencia Digital,Mexico,Financiera,2019,810,462,942,4,14,11
Sumar Inversion,Argentina,Manufactura,2019,519,969,944,-6,9,13
Sumar Inversion,Argentina,Manufactura,2018,479,834,755,-7,8,15
Suppliercard,Brasil,Tecnologias,2019,709,1035,661,4,7,18
Suyo,Colombia,Comercio,2019,491,378,999,1,14,17
Swap,Mexico,Comercio,2019,853,363,923,-2,9,2
Sweet Pay,Chile,Servicios,2019,480,538,564,-4,6,15
Sweet Pay,Chile,Servicios,2018,418,424,453,-6,4,12
Synapbox,Mexico,Manufactura,2019,689,666,827,-7,1,17
Syncromind,Argentina,Manufactura,2019,632,420,656,5,0,17
Syncromind,Argentina,Manufactura,2018,430,300,429,10,5,19
TACODE MX,Mexico,Financiera,2019,367,611,923,4,10,19
Tala,Mexico,Servicios,2019,491,496,597,-10,-3,6
Tala,Mexico,Servicios,2018,496,422,499,-13,-6,10
Tappoyo,Peru,Tecnologias,2019,466,671,790,-9,3,3
Tasa Top,Peru,Comercio,2019,789,940,992,-1,13,2
Taximo,Colombia,Manufactura,2019,476,339,778,0,7,9
Team Quality,Argentina,Tecnologias,2019,449,690,1045,-4,8,0
Team Quality,Argentina,Tecnologias,2018,416,493,852,-3,9,3
Teca,Colombia,Servicios,2019,1480,649,723,-4,14,20
Technisys,Mexico,Financiera,2019,1294,944,898,-6,10,14
Tecnopuc,Brasil,Servicios,2019,986,411,1095,-2,0,9
TekBees,Colombia,Financiera,2019,390,873,1121,3,-3,6
TerraMagna,Brasil,Manufactura,2019,555,539,798,-4,14,9
TerraMagna,Brasil,Manufactura,2018,416,369,644,0,18,4
Tiaxa,Mexico,Manufactura,2019,1289,580,822,-7,5,3
Tiaxa,Mexico,Manufactura,2018,1347,435,639,-12,0,-1
Tienda Pago,Mexico,Financiera,2019,1042,592,835,-8,5,17
Tika,Chile,Manufactura,2019,762,519,841,-8,-2,10
Tika,Chile,Manufactura,2018,762,470,704,-9,-3,5
tinkinOne,RLA,Manufactura,2019,1330,1006,1198,-1,11,3
Tkambio,Peru,Telecom,2019,865,736,799,-2,2,16
Toc Biometrics,Peru,Financiera,2019,294,656,627,-5,13,16
Todito Cash,Mexico,Manufactura,2019,613,592,732,-3,6,16
Todito Cash,Mexico,Manufactura,2018,534,474,626,2,11,11
Toka,Mexico,Manufactura,2019,435,478,561,-9,0,1
Tolk,Mexico,Financiera,2019,1056,452,847,-3,-3,5
Tolk,Mexico,Financiera,2018,896,346,731,-1,-1,3
TouchesBegan,Mexico,Tecnologias,2019,902,552,800,-7,13,13
TowerTech,Colombia,Servicios,2019,456,536,825,-5,0,20
TowerTech,Colombia,Servicios,2018,390,478,559,-2,3,18
Tpaga,Mexico,Tecnologias,2019,1240,921,1120,-9,3,15
Tranqui,Colombia,Servicios,2019,289,612,953,4,-2,10
Transfer,Mexico,Servicios,2019,1432,877,1014,-1,15,0
Transfiriendo,Colombia,Manufactura,2019,963,408,983,0,1,2
Transfiriendo,Colombia,Manufactura,2018,755,308,689,2,3,7
Trax Retail,Brasil,Servicios,2019,371,1021,944,-2,12,14
Treasy,Brasil,Comercio,2019,698,787,878,-3,3,4
Tributi,Colombia,Manufactura,2019,368,585,728,0,7,15
Trigg Brasil,Brasil,Tecnologias,2019,1018,839,1098,2,-4,11
Trii,Brasil,Tecnologias,2019,1385,547,900,0,2,16
Trii,Brasil,Tecnologias,2018,1285,458,652,-3,-1,20
triunfei.com,Brasil,Servicios,2019,563,773,888,-8,6,1
triunfei.com,Brasil,Servicios,2018,503,579,728,-6,8,0
Troopa,Argentina,Telecom,2019,1000,958,642,-4,9,11
Trueki,Peru,Servicios,2019,1353,376,961,-6,4,6
Trueki,Peru,Servicios,2018,1308,287,727,-8,2,3
Tu Identidad,Mexico,Comercio,2019,657,1001,761,-4,-3,16
TuCambista,Peru,Financiera,2019,963,385,779,-2,10,12
Tudecide.com,Mexico,Manufactura,2019,1349,346,728,-5,12,0
Tukuy,Peru,Financiera,2019,906,894,813,4,11,19
Tukuy,Peru,Financiera,2018,777,683,636,-1,6,15
Tukuy Club,Peru,Manufactura,2019,1480,377,866,-5,10,7
U Payments,Chile,Telecom,2019,776,555,1069,-10,1,12
U Payments,Chile,Telecom,2018,784,436,804,-13,-2,17
Uala,Argentina,Servicios,2019,658,675,937,-9,7,14
Ualet,Colombia,Manufactura,2019,510,921,887,-8,-5,1
Ualet,Colombia,Manufactura,2018,445,900,700,-13,-10,0
Ubank,Mexico,Tecnologias,2019,442,496,554,4,3,16
UBCubo,Mexico,Servicios,2019,435,978,1174,5,7,16
Ubii Pagos,RLA,Comercio,2019,1113,814,983,1,11,11
Unafin,RLA,Tecnologias,2019,1444,521,960,3,-3,17
Unafin,RLA,Tecnologias,2018,1326,470,730,-2,-8,17
UnDosTres,Mexico,Comercio,2019,698,648,631,3,-5,10
UNIKO,Mexico,Comercio,2019,803,1017,918,3,0,7
Unosquare,Mexico,Manufactura,2019,936,627,848,-9,0,13
UPAX,Mexico,Telecom,2019,654,989,664,3,2,10
Uppercap,Chile,Servicios,2019,866,531,935,-1,9,0
Uppercap,Chile,Servicios,2018,677,411,818,1,11,-4
Vaki,Colombia,Servicios,2019,432,822,676,-6,13,3
Vaki,Colombia,Servicios,2018,441,607,534,-8,11,5
Vakinha Internet,Brasil,Tecnologias,2019,636,975,594,-1,5,15
Valiu,Colombia,Manufactura,2019,1168,438,636,-5,6,6
Valiu,Colombia,Manufactura,2018,991,362,529,-1,10,7
Variacode,Chile,Financiera,2019,1255,621,984,-8,12,3
Veri Tran,Chile,Financiera,2019,540,753,889,4,6,5
Verios Investimentos,Brasil,Tecnologias,2019,1160,400,881,-4,6,10
Vindi,Brasil,Servicios,2019,770,490,933,-6,9,20
Vindi,Brasil,Servicios,2018,692,428,655,-11,4,21
VIPPO,RLA,Financiera,2019,705,345,942,0,8,2
Virtual Pos,Chile,Servicios,2019,655,804,868,-7,2,7
Virtual Pos,Chile,Servicios,2018,608,653,626,-2,7,8
Visoor,Mexico,Financiera,2019,909,323,1129,-8,9,9
Visor ADL,Mexico,Telecom,2019,1449,577,979,-4,-3,18
Visor ADL,Mexico,Telecom,2018,1229,496,655,-1,0,18
Volabit,Mexico,Financiera,2019,907,1066,1018,-1,10,17
VU Security,Argentina,Telecom,2019,515,629,948,-9,9,15
Waki,Peru,Manufactura,2019,1084,685,629,-8,-3,2
WAN Tecnologia,Brasil,Manufactura,2019,405,782,948,-7,12,2
WAN Tecnologia,Brasil,Manufactura,2018,405,646,909,-9,10,-1
Warren Brasil,Brasil,Manufactura,2019,415,671,817,3,11,6
Waynicoin,Argentina,Manufactura,2019,1275,988,795,-9,2,13
Wayra,Brasil,Comercio,2019,760,617,570,4,14,0
WCORE,Brasil,Comercio,2019,601,587,929,-1,13,0
WeeCompany,Mexico,Manufactura,2019,580,476,701,-10,10,20
WeeCompany,Mexico,Manufactura,2018,580,370,463,-12,8,24
Wikiplata,Colombia,Telecom,2019,952,544,788,-2,-2,10
Wikiplata,Colombia,Telecom,2018,873,465,557,-3,-3,6
Wilab,Argentina,Servicios,2019,482,744,932,-7,4,16
Wilobank,Argentina,Tecnologias,2019,1409,541,685,3,7,6
Wilobank,Argentina,Tecnologias,2018,1063,459,462,2,6,11
Wize Line,Mexico,Comercio,2019,1036,427,799,5,2,5
Wuabi,Argentina,Comercio,2019,856,473,763,1,15,9
Xerpa,Brasil,Financiera,2019,790,637,973,0,9,20
Xhash,Mexico,Comercio,2019,1098,651,988,2,11,9
Xhash,Mexico,Comercio,2018,892,454,732,7,16,12
XMultas,Brasil,Servicios,2019,458,793,737,-2,9,0
Xpectare,Mexico,Manufactura,2019,330,620,708,0,-4,17
Xpectare,Mexico,Manufactura,2018,235,484,462,5,1,21
Xubio,Argentina,Tecnologias,2019,1319,646,883,-10,4,9
Yecas,Argentina,Manufactura,2019,694,372,672,-4,11,3
Yecas,Argentina,Manufactura,2018,604,295,514,1,16,7
YOIN App,Mexico,Tecnologias,2019,1022,510,991,-6,13,4
yotepresto.com,Mexico,Manufactura,2019,596,602,791,-4,2,4
Zest Capital,Peru,Telecom,2019,844,685,566,3,-5,6
Zinobe,Colombia,Telecom,2019,572,1051,857,-9,4,10
Zoop,Brasil,Tecnologias,2019,1057,806,926,-8,2,7
AlmaFintech,Argentina,Comercio,2020,570,727,,,-1,-9
Alquilando.com,Argentina,Comercio,2020,922,495,,,-10,4
Contagram,Argentina,Comercio,2020,628,579,,,-13,-10
Mercado Pago,Argentina,Comercio,2020,961,679,,,-3,-8
mibucle,Argentina,Comercio,2020,879,359,,,-2,-8
MZP TECH,Argentina,Comercio,2020,873,276,,,-16,-8
Pagos 360,Argentina,Comercio,2020,874,537,,,-16,-6
ASSIPI,Brasil,Comercio,2020,969,276,,,-6,-13
Basement,Brasil,Comercio,2020,290,825,,,-4,-2
BLU365,Brasil,Comercio,2020,334,791,,,-15,2
CloudWalk,Brasil,Comercio,2020,1065,513,,,0,-1
co2in,Brasil,Comercio,2020,824,814,,,-12,4
Cubo333,Brasil,Comercio,2020,670,670,,,-2,-13
EASYCReDITO,Brasil,Comercio,2020,671,830,,,-7,-8
Iniciativas Empreendedoras,Brasil,Comercio,2020,651,427,,,-4,-7
Jeitto,Brasil,Comercio,2020,934,394,,,-4,-9
Mutular,Brasil,Comercio,2020,1038,603,,,-2,-5
Neon,Brasil,Comercio,2020,966,559,,,-9,-7
Otimiza Beneficios,Brasil,Comercio,2020,732,701,,,0,-12
Treasy,Brasil,Comercio,2020,629,851,,,-7,-2
Wayra,Brasil,Comercio,2020,742,787,,,0,8
WCORE,Brasil,Comercio,2020,505,616,,,-6,6
Colektia,Chile,Comercio,2020,1033,574,,,-5,-9
Destacame,Chile,Comercio,2020,570,547,,,-11,0
Flow,Chile,Comercio,2020,1381,865,,,-14,-11
Ibitt,Chile,Comercio,2020,990,400,,,-8,-7
ReFrame CL,Chile,Comercio,2020,579,419,,,-12,-3
Representame,Chile,Comercio,2020,619,909,,,-12,-8
Macrofood,Chile,Comercio,2020,1072,724,,,1,2
123 Seguro,Colombia,Comercio,2020,373,509,,,-12,10
Arma tu Vaca,Colombia,Comercio,2020,792,669,,,-16,5
eCollect,Colombia,Comercio,2020,1045,630,,,-11,-9
Hipoko,Colombia,Comercio,2020,781,723,,,-14,-7
Libera,Colombia,Comercio,2020,232,1043,,,-8,2
Luka,Colombia,Comercio,2020,838,652,,,-4,10
Sempli,Colombia,Comercio,2020,1328,1326,,,0,5
Simetrik,Colombia,Comercio,2020,1365,683,,,-8,-3
Suyo,Colombia,Comercio,2020,555,469,,,-3,10
Carvajal TyS,Colombia,Comercio,2020,950,590,,,-3,7
Movistar,Colombia,Comercio,2020,884,796,,,3,2
Kushki,Colombia    ,Comercio,2020,296,751,,,-17,6
CNT,RLA,Comercio,2020,1034,838,,,-6,-1
Universidad Andina Simon Bolivar,RLA,Comercio,2020,789,612,,,2,4
Claro,RLA,Comercio,2020,1037,798,,,-1,2
Banco de Occidente,RLA,Comercio,2020,628,560,,,-7,0
ArkusNexus,Mexico,Comercio,2020,456,693,,,-11,-2
Contabilizate.com,Mexico,Comercio,2020,226,855,,,-4,-13
Dividendee,Mexico,Comercio,2020,710,554,,,-11,5
eFactor Network,Mexico,Comercio,2020,939,687,,,-1,5
El 20,Mexico,Comercio,2020,408,285,,,-9,-4
Facturama,Mexico,Comercio,2020,1077,769,,,-14,7
FINGAME,Mexico,Comercio,2020,1192,573,,,-9,-8
FLY CAPITAL,Mexico,Comercio,2020,999,710,,,-10,6
iCasas Mexico,Mexico,Comercio,2020,1034,571,,,-7,-1
IdentityMind Global,Mexico,Comercio,2020,779,791,,,-4,-9
Konfront,Mexico,Comercio,2020,1570,436,,,-6,-9
Kubo Financiero,Mexico,Comercio,2020,1126,431,,,-16,-7
Loyalty Refunds,Mexico,Comercio,2020,911,517,,,-7,-6
NOCNOK,Mexico,Comercio,2020,988,505,,,-7,3
Polygon Fintech,Mexico,Comercio,2020,1511,758,,,-5,-8
Prestamos en un Click,Mexico,Comercio,2020,1184,985,,,-7,-3
Rocket.la,Mexico,Comercio,2020,556,485,,,-12,-1
Rufi,Mexico,Comercio,2020,487,572,,,-8,5
SeguriData,Mexico,Comercio,2020,490,642,,,-3,-11
Swap,Mexico,Comercio,2020,785,344,,,-7,1
Tu Identidad,Mexico,Comercio,2020,536,1058,,,-8,-9
UNIKO,Mexico,Comercio,2020,736,1139,,,-4,-8
Wize Line,Mexico,Comercio,2020,924,413,,,-2,-6
Arteria Comunicaciones,Mexico,Comercio,2020,955,924,,,-3,4
Instituto del Fondo Nacional de la Vivienda,Mexico,Comercio,2020,929,781,,,3,3
Muebles Dico,Mexico,Comercio,2020,649,811,,,-6,2
Possehl,Mexico,Comercio,2020,640,717,,,-5,7
Presidencia Municipal Apaxco,Mexico,Comercio,2020,824,605,,,-6,2
Banco Delta,RLA,Comercio,2020,716,837,,,-8,6
Banco Delta,RLA,Comercio,2020,760,643,,,-8,5
Hello ZUM,Peru,Comercio,2020,713,602,,,1,1
Red de Energia del Peru,Peru,Comercio,2020,980,868,,,-7,-1
Dvdendo,RLA,Comercio,2020,671,943,,,-4,-12
Ibanonline,RLA,Comercio,2020,635,1044,,,-14,-3
Impesa,RLA,Comercio,2020,1170,427,,,-7,4
Instapago,RLA,Comercio,2020,514,1137,,,-6,-4
Ubii Pagos,RLA,Comercio,2020,1034,858,,,-6,4
Bull Market Brokers,Argentina,Financiera,2020,457,787,,,-5,-8
Credicuotas,Argentina,Financiera,2020,599,501,,,-14,0
Crowdium,Argentina,Financiera,2020,1269,694,,,-1,-8
Intiza,Argentina,Financiera,2020,1051,624,,,-3,2
IOV Labs,Argentina,Financiera,2020,1421,859,,,-3,7
Mercado Libre,Argentina,Financiera,2020,426,956,,,-3,-5
N5 Now,Argentina,Financiera,2020,557,958,,,-4,-3
Sistemas ESCO S.A.,Argentina,Financiera,2020,533,406,,,-4,-2
Arcos Dorados,Argentina,Financiera,2020,1125,808,,,-8,5
CEOSA,Argentina,Financiera,2020,844,704,,,2,4
ACO,Brasil,Financiera,2020,552,1202,,,-8,10
Adianta,Brasil,Financiera,2020,433,509,,,-6,-3
Astro Asset,Brasil,Financiera,2020,589,789,,,-14,5
Bit.One,Brasil,Financiera,2020,898,1162,,,-18,-4
Datapedia,Brasil,Financiera,2020,526,621,,,-18,3
DEUcredito,Brasil,Financiera,2020,1344,833,,,0,-10
EWALLY,Brasil,Financiera,2020,734,765,,,-15,-10
Foxbit,Brasil,Financiera,2020,660,353,,,-10,-11
Glebba Investimentos,Brasil,Financiera,2020,664,666,,,-6,9
IS2B,Brasil,Financiera,2020,318,512,,,-10,8
Jobecam,Brasil,Financiera,2020,421,1019,,,-8,3
Legal Bot,Brasil,Financiera,2020,715,507,,,-3,5
Loft,Brasil,Financiera,2020,529,778,,,-11,4
Mercado Bitcoin,Brasil,Financiera,2020,584,557,,,-8,-5
Mercos,Brasil,Financiera,2020,810,709,,,-4,1
Monkey Exchange,Brasil,Financiera,2020,613,784,,,-8,-2
Mooven Consulting,Brasil,Financiera,2020,775,888,,,-12,3
Resultados Dititais,Brasil,Financiera,2020,953,681,,,-17,5
SMU Investimentos,Brasil,Financiera,2020,1591,548,,,-10,-7
Xerpa,Brasil,Financiera,2020,734,756,,,-5,2
BeCual,Chile,Financiera,2020,934,777,,,-10,8
Destacame.cl,Chile,Financiera,2020,463,815,,,-12,6
Global 66,Chile,Financiera,2020,401,928,,,-8,-13
Kunder,Chile,Financiera,2020,914,783,,,-12,3
Mach,Chile,Financiera,2020,1180,525,,,-2,-1
Mercado de capitales,Chile,Financiera,2020,507,1053,,,-10,0
Multi Caja,Chile,Financiera,2020,937,479,,,-11,-3
Pago Facil,Chile,Financiera,2020,1121,549,,,-2,1
Red Capital,Chile,Financiera,2020,766,994,,,-5,6
Variacode,Chile,Financiera,2020,992,591,,,-13,8
Busqo,Colombia,Financiera,2020,817,392,,,-3,6
Collect Pay,Colombia,Financiera,2020,813,613,,,-6,3
Contrato Marco,Colombia,Financiera,2020,1265,506,,,-6,0
Daexs,Colombia,Financiera,2020,554,817,,,-4,-7
ENTRENAMIENTO CEREBRAL,Colombia,Financiera,2020,621,522,,,-6,-8
Fiesta,Colombia,Financiera,2020,635,465,,,-6,10
Holberton School Colombia,Colombia,Financiera,2020,1186,1225,,,-14,3
Movii,Colombia,Financiera,2020,1605,675,,,-3,-8
Novo Payment,Colombia,Financiera,2020,980,704,,,-5,-1
Platiti,Colombia,Financiera,2020,485,746,,,-6,2
TekBees,Colombia,Financiera,2020,441,897,,,-5,-8
Compania Industrial de Productos Agropecuarios,Colombia,Financiera,2020,796,751,,,1,5
Hospital San Rafael de Facatativa,Colombia,Financiera,2020,1125,598,,,-7,4
Telefonica - Movistar,Colombia,Financiera,2020,831,766,,,-2,4
Nexsys de Centroamerica,RLA,Financiera,2020,614,785,,,-7,5
Farmaceutica Rodim,RLA,Financiera,2020,745,763,,,2,0
Unicomer,RLA,Financiera,2020,803,570,,,-2,-1
Grant Thornton Guatemala,RLA,Financiera,2020,1064,810,,,-3,1
Ahorra Seguros,Mexico,Financiera,2020,1148,851,,,-18,4
Aspiria,Mexico,Financiera,2020,621,1334,,,-13,9
Auto Chilango,Mexico,Financiera,2020,1470,990,,,-3,-4
Circulo de Credito,Mexico,Financiera,2020,1084,404,,,-8,3
Clip,Mexico,Financiera,2020,757,731,,,-5,4
Enconta,Mexico,Financiera,2020,621,905,,,-15,9
EXPERT CLOUD ONE,Mexico,Financiera,2020,1130,502,,,-3,4
Feenicia,Mexico,Financiera,2020,581,655,,,-1,5
Linio Group,Mexico,Financiera,2020,742,479,,,-6,-9
MassChallenge Mexico,Mexico,Financiera,2020,659,738,,,-4,-2
Mimoni,Mexico,Financiera,2020,780,703,,,-6,0
Rentdis,Mexico,Financiera,2020,799,503,,,-7,-6
Saldo,Mexico,Financiera,2020,1009,609,,,-15,0
Tienda Pago,Mexico,Financiera,2020,1044,540,,,-13,-1
Tolk,Mexico,Financiera,2020,1177,486,,,-10,-11
Visoor,Mexico,Financiera,2020,727,334,,,-15,4
Qualitas compania de seguros,Mexico,Financiera,2020,745,685,,,-6,7
MVS Radio,Mexico,Financiera,2020,600,842,,,-8,2
Makymat,Mexico,Financiera,2020,1009,935,,,3,2
"Seguros El Potosi, S.A.",Mexico,Financiera,2020,625,766,,,-2,5
Banamex,Mexico,Financiera,2020,996,835,,,-6,5
Banco General,RLA,Financiera,2020,1062,849,,,-3,5
Andy,Peru,Financiera,2020,653,482,,,-5,1
Apurata,Peru,Financiera,2020,1400,626,,,-13,-10
Assessor,Peru,Financiera,2020,778,543,,,-3,-12
Chapa Cash,Peru,Financiera,2020,1034,400,,,-7,8
Cobin,Peru,Financiera,2020,1638,425,,,-9,-6
Factoring Total,Peru,Financiera,2020,917,654,,,-5,-12
Fastura,Peru,Financiera,2020,440,932,,,-3,3
Incapital Inversiones y Capitales,Peru,Financiera,2020,522,297,,,-13,-4
Mi Credit Peru,Peru,Financiera,2020,577,544,,,-15,-5
Pagadespues,Peru,Financiera,2020,1595,712,,,-2,7
Sofila,Peru,Financiera,2020,468,368,,,-3,-11
Tukuy,Peru,Financiera,2020,838,942,,,-2,7
Quad Graphics,Peru,Financiera,2020,843,542,,,-6,2
SUNAT,Peru,Financiera,2020,634,872,,,-5,1
Banbif,Peru,Financiera,2020,774,807,,,-1,7
DGII,RLA,Financiera,2020,1062,857,,,-6,5
Asociacion Peravia de Ahorros y Prestamos,RLA,Financiera,2020,798,609,,,-1,1
VIPPO,RLA,Financiera,2020,620,394,,,-4,3
CambioAR,Argentina,Manufactura,2020,1445,511,,,-10,3
Doers,Argentina,Manufactura,2020,767,495,,,-15,-6
Global Processing S.A.,Argentina,Manufactura,2020,617,1098,,,-15,2
Grupokonstruir,Argentina,Manufactura,2020,281,528,,,-16,10
Increasecard,Argentina,Manufactura,2020,848,564,,,-8,-6
Invuelto,Argentina,Manufactura,2020,923,1159,,,-16,7
Motormax,Argentina,Manufactura,2020,1028,413,,,-14,-9
Poincenot,Argentina,Manufactura,2020,470,615,,,-1,8
Siembro,Argentina,Manufactura,2020,510,976,,,-9,2
Sumar Inversion,Argentina,Manufactura,2020,453,1193,,,-14,2
Syncromind,Argentina,Manufactura,2020,710,357,,,1,-5
Yecas,Argentina,Manufactura,2020,739,462,,,-9,4
ASAAS,Brasil,Manufactura,2020,1372,501,,,1,8
Bom Pra Credito,Brasil,Manufactura,2020,597,546,,,-10,-1
CapRate,Brasil,Manufactura,2020,1279,867,,,-11,9
Credmobi,Brasil,Manufactura,2020,684,492,,,-6,-8
Dharma,Brasil,Manufactura,2020,914,642,,,-11,-7
IDwall,Brasil,Manufactura,2020,691,690,,,-8,7
Kovi,Brasil,Manufactura,2020,654,797,,,-9,9
MinniS,Brasil,Manufactura,2020,475,779,,,-3,9
MODIAX,Brasil,Manufactura,2020,835,387,,,-14,-7
Osayk,Brasil,Manufactura,2020,932,1018,,,-11,-5
OSPA,Brasil,Manufactura,2020,1025,746,,,-2,-9
PagPop,Brasil,Manufactura,2020,388,745,,,-13,-12
QuintoAndar,Brasil,Manufactura,2020,224,768,,,-14,5
Sensix Agro,Brasil,Manufactura,2020,729,534,,,-15,6
Warren Brasil,Brasil,Manufactura,2020,406,841,,,-5,5
Alfi,Chile,Manufactura,2020,906,692,,,-8,-7
Cryptomarket,Chile,Manufactura,2020,1055,905,,,-10,-6
Finvox,Chile,Manufactura,2020,1090,707,,,-15,-8
ILB Company,Chile,Manufactura,2020,1221,537,,,-14,-9
IT Process SpA,Chile,Manufactura,2020,609,588,,,-1,8
Pago 46,Chile,Manufactura,2020,999,706,,,-7,-3
Qvo,Chile,Manufactura,2020,659,498,,,-3,-7
Simple DTE,Chile,Manufactura,2020,665,657,,,-3,-10
Banco de Chile,Chile,Manufactura,2020,837,603,,,3,3
Aguas Andinas,Chile,Manufactura,2020,1004,893,,,-7,1
Bankamoda,Colombia,Manufactura,2020,1359,405,,,-4,-11
bitmall,Colombia,Manufactura,2020,1058,362,,,-15,1
Finaktiva,Colombia,Manufactura,2020,683,678,,,-1,-9
Garantias Comunitarias,Colombia,Manufactura,2020,425,510,,,-14,-1
Go Socket,Colombia,Manufactura,2020,791,504,,,-9,-5
Kupi,Colombia,Manufactura,2020,1433,633,,,0,-1
Minka,Colombia,Manufactura,2020,1390,1147,,,-8,6
Prosol,Colombia,Manufactura,2020,503,1025,,,-13,7
Taximo,Colombia,Manufactura,2020,409,384,,,-5,0
Transfiriendo,Colombia,Manufactura,2020,1059,449,,,-6,-6
Tributi,Colombia,Manufactura,2020,401,588,,,-6,2
Valiu,Colombia,Manufactura,2020,954,399,,,-10,1
CI DISAN SA,Colombia,Manufactura,2020,1083,795,,,-8,-1
Banco Mundo Mujer - BMM,Colombia,Manufactura,2020,751,822,,,-7,7
Telefonica - Movistar,Colombia,Manufactura,2020,707,563,,,-4,7
Cruz Roja Colombiana,Colombia,Manufactura,2020,832,851,,,0,7
Produbanco,RLA,Manufactura,2020,943,649,,,1,7
Otecel s.a.,RLA,Manufactura,2020,800,640,,,-5,2
CNT EP,RLA,Manufactura,2020,914,738,,,2,5
ai360,Mexico,Manufactura,2020,816,380,,,-1,-8
Avante,Mexico,Manufactura,2020,253,406,,,-5,-1
BCP Global,Mexico,Manufactura,2020,430,679,,,-16,-7
Blumon Pay,Mexico,Manufactura,2020,782,928,,,-8,5
Cacao,Mexico,Manufactura,2020,432,755,,,-5,6
contarte.mx,Mexico,Manufactura,2020,797,361,,,0,6
Crabi,Mexico,Manufactura,2020,416,636,,,-7,3
Credencial,Mexico,Manufactura,2020,1108,552,,,-16,-6
CrowdSocios,Mexico,Manufactura,2020,1148,422,,,-4,-6
EFISYS,Mexico,Manufactura,2020,472,548,,,-16,-5
ePlata,Mexico,Manufactura,2020,905,685,,,-15,8
LenddoEFL,Mexico,Manufactura,2020,940,803,,,-2,-4
moyoAi,Mexico,Manufactura,2020,981,887,,,-9,-12
Payit,Mexico,Manufactura,2020,663,1096,,,-2,8
Quincen Lana,Mexico,Manufactura,2020,593,867,,,-12,0
Red Kobra,Mexico,Manufactura,2020,458,878,,,-2,-11
Regtech Legal Advice,Mexico,Manufactura,2020,373,1135,,,-11,8
Tiaxa,Mexico,Manufactura,2020,1282,529,,,-12,-3
Toka,Mexico,Manufactura,2020,336,420,,,-17,-6
Tudecide.com,Mexico,Manufactura,2020,1140,418,,,-10,8
Xpectare,Mexico,Manufactura,2020,280,684,,,-4,-9
Gentera,Mexico,Manufactura,2020,721,846,,,-6,1
John Deere Mexico,Mexico,Manufactura,2020,916,485,,,-5,6
Lockton,Mexico,Manufactura,2020,772,897,,,1,4
Grupo Salinas,Mexico,Manufactura,2020,578,778,,,-8,2
Gobierno del Estado de Mexico,Mexico,Manufactura,2020,602,422,,,-1,3
Eurobits,Mexico,Manufactura,2020,624,383,,,-3,-6
Cambista,Peru,Manufactura,2020,891,319,,,-13,-5
Expert One SAP,Peru,Manufactura,2020,584,394,,,-13,2
Factoring Lab,Peru,Manufactura,2020,1154,764,,,-4,-3
Ignis Ventas,Peru,Manufactura,2020,451,1299,,,-8,8
Ligo,Peru,Manufactura,2020,727,715,,,-12,-6
Tukuy Club,Peru,Manufactura,2020,1209,381,,,-13,2
SAV,Peru,Manufactura,2020,661,851,,,-4,6
Interbank,Peru,Manufactura,2020,1091,718,,,-2,7
Corex,Peru,Manufactura,2020,780,949,,,-4,-1
DGII,RLA,Manufactura,2020,971,924,,,-4,6
PayPhone,RLA,Manufactura,2020,689,383,,,-1,11
PedidosYa,RLA,Manufactura,2020,686,443,,,-15,5
Regum,RLA,Manufactura,2020,528,523,,,-10,2
B.trader,Argentina,Servicios,2020,434,303,,,-9,-5
BDO,Argentina,Servicios,2020,821,320,,,-13,-8
COCO MARKET,Argentina,Servicios,2020,415,418,,,-9,-1
Flexibility,Argentina,Servicios,2020,623,350,,,-1,-6
Uala,Argentina,Servicios,2020,550,686,,,-16,3
Ali Credito,Brasil,Servicios,2020,405,732,,,-8,7
Bart.Digital,Brasil,Servicios,2020,702,314,,,-13,5
Compara Online Servicos De Informatica,Brasil,Servicios,2020,889,465,,,-15,-1
Conta Azul,Brasil,Servicios,2020,465,882,,,-15,-12
Creditas,Brasil,Servicios,2020,692,495,,,-13,-1
Creditoo,Brasil,Servicios,2020,824,1073,,,-9,-6
Doutor123,Brasil,Servicios,2020,627,458,,,-4,-6
Konkero,Brasil,Servicios,2020,1282,377,,,-16,5
Melhortaxa,Brasil,Servicios,2020,1245,514,,,-4,4
Stone,Brasil,Servicios,2020,400,694,,,-2,5
Tecnopuc,Brasil,Servicios,2020,1111,361,,,-10,-7
triunfei.com,Brasil,Servicios,2020,481,925,,,-14,1
Vindi,Brasil,Servicios,2020,817,598,,,-14,5
XMultas,Brasil,Servicios,2020,480,795,,,-10,1
Amipass,Chile,Servicios,2020,761,993,,,-15,-9
Besafe Inversiones,Chile,Servicios,2020,1087,332,,,-12,0
Duemint,Chile,Servicios,2020,253,591,,,-12,8
Media Trends Group,Chile,Servicios,2020,509,524,,,-9,-6
Orionx.com,Chile,Servicios,2020,683,820,,,-10,-1
Paga Ya,Chile,Servicios,2020,1111,639,,,-4,0
SecSignal,Chile,Servicios,2020,602,768,,,-3,6
Singular Banking,Chile,Servicios,2020,443,1048,,,-9,-8
2Trans Fair,Colombia,Servicios,2020,723,790,,,-5,-4
Aflore,Colombia,Servicios,2020,738,509,,,-13,-12
Athena Bitcoin,Colombia,Servicios,2020,790,522,,,-9,6
Beriblock,Colombia,Servicios,2020,423,572,,,-12,1
Compara Mejor,Colombia,Servicios,2020,843,689,,,-9,8
Credissimo,Colombia,Servicios,2020,298,559,,,-12,1
Guia TIC,Colombia,Servicios,2020,1094,703,,,-14,-8
Gulungo,Colombia,Servicios,2020,396,646,,,-6,-3
Iproveedor,Colombia,Servicios,2020,790,938,,,-8,1
MO Tecnologias,Colombia,Servicios,2020,877,739,,,-6,-3
Punto Red,Colombia,Servicios,2020,881,1011,,,-17,-8
TowerTech,Colombia,Servicios,2020,376,584,,,-11,-6
Coomeva Unidad de Transformacion e Innovacion,Colombia,Servicios,2020,1107,840,,,-3,3
Banco Pichincha,Colombia,Servicios,2020,1008,816,,,-4,0
Fanalca S.A.,Colombia,Servicios,2020,640,491,,,-3,1
Mediprocesos de Honduras,RLA,Servicios,2020,808,499,,,-4,-1
Aquistar,Mexico,Servicios,2020,279,716,,,-9,6
Ark Fund,Mexico,Servicios,2020,693,783,,,-13,4
Belvo,Mexico,Servicios,2020,750,337,,,-8,-8
CellPay,Mexico,Servicios,2020,1263,487,,,-5,5
Comparale,Mexico,Servicios,2020,403,606,,,-6,-1
Creditea,Mexico,Servicios,2020,1652,1246,,,-4,9
Doopla,Mexico,Servicios,2020,378,568,,,-12,-4
Everbots,Mexico,Servicios,2020,790,891,,,-3,5
Facturapi,Mexico,Servicios,2020,1157,515,,,-14,3
Facturedo,Mexico,Servicios,2020,737,1099,,,-14,-5
Finbitz,Mexico,Servicios,2020,545,580,,,-2,1
Id Finance,Mexico,Servicios,2020,1648,568,,,-5,-8
Kredicity,Mexico,Servicios,2020,1314,938,,,-10,0
Kuspit,Mexico,Servicios,2020,1098,623,,,-15,-4
Lumbrera,Mexico,Servicios,2020,789,1400,,,-17,10
Pm2,Mexico,Servicios,2020,694,756,,,-6,-5
Recaudia,Mexico,Servicios,2020,1528,576,,,-8,-5
Smart Lending,Mexico,Servicios,2020,311,726,,,0,7
Tala,Mexico,Servicios,2020,499,437,,,-15,-7
UBCubo,Mexico,Servicios,2020,415,983,,,-3,2
John Deere Mexico,Mexico,Servicios,2020,951,706,,,-3,2
Markymat,Mexico,Servicios,2020,903,541,,,-7,3
Category Ideas S.C.,Mexico,Servicios,2020,812,453,,,-6,5
PiP Latam,Mexico,Servicios,2020,847,606,,,1,0
Aseguralo,Peru,Servicios,2020,556,667,,,-3,-2
Culqui,Peru,Servicios,2020,426,658,,,-1,-5
Finanzas con O' alone,Peru,Servicios,2020,1480,499,,,-16,5
Helpers S.A.C,Peru,Servicios,2020,798,741,,,-3,-2
MiBolsillo,Peru,Servicios,2020,1183,634,,,-4,-4
Prestamype,Peru,Servicios,2020,828,381,,,-12,6
Rextie,Peru,Servicios,2020,1067,417,,,-11,-11
Trueki,Peru,Servicios,2020,1195,426,,,-14,-4
ADC Movil,RLA,Servicios,2020,387,1103,,,-1,5
Devsu,RLA,Servicios,2020,952,440,,,-13,-7
GlobalPay Solutions,RLA,Servicios,2020,664,273,,,-11,-9
Inversionate,RLA,Servicios,2020,282,972,,,-9,-3
Banco Exterior,RLA,Servicios,2020,682,664,,,3,3
C6 Bank,Brasil,Tecnologias,2020,991,727,,,-1,6
BIND,Argentina,Tecnologias,2020,838,1105,,,-17,-2
BitInka,Argentina,Tecnologias,2020,792,527,,,-8,-5
Buenbit,Argentina,Tecnologias,2020,778,535,,,-16,-2
Contabilium,Argentina,Tecnologias,2020,813,1134,,,-8,2
Gosur,Argentina,Tecnologias,2020,331,656,,,-13,3
MOON Money Online,Argentina,Tecnologias,2020,765,1157,,,-2,10
PaySur,Argentina,Tecnologias,2020,592,768,,,-14,10
Poincenot Technology Studio,Argentina,Tecnologias,2020,848,948,,,-3,-6
Punto Rojo,Argentina,Tecnologias,2020,1315,1005,,,-7,6
Solventa,Argentina,Tecnologias,2020,1108,520,,,-4,-8
Team Quality,Argentina,Tecnologias,2020,487,678,,,-8,1
Wilobank,Argentina,Tecnologias,2020,1552,659,,,-2,1
BCRA,Argentina,Tecnologias,2020,874,757,,,-1,3
ABCD,Brasil,Tecnologias,2020,1158,690,,,-1,-2
Cobli,Brasil,Tecnologias,2020,1030,323,,,0,-8
finpass,Brasil,Tecnologias,2020,637,1056,,,-7,1
Ingage Digital,Brasil,Tecnologias,2020,710,580,,,-5,0
Kria,Brasil,Tecnologias,2020,603,938,,,-8,1
Omie,Brasil,Tecnologias,2020,628,680,,,-4,3
Quanto,Brasil,Tecnologias,2020,1348,274,,,-10,-9
Raffcom,Brasil,Tecnologias,2020,730,459,,,-10,3
Suppliercard,Brasil,Tecnologias,2020,700,963,,,-4,3
Trigg Brasil,Brasil,Tecnologias,2020,1194,741,,,-4,-10
Vakinha Internet,Brasil,Tecnologias,2020,598,1126,,,-5,1
Ask Robin,Chile,Tecnologias,2020,1555,1202,,,-12,4
Ceptinel,Chile,Tecnologias,2020,772,968,,,-3,-1
El Contenedor,Chile,Tecnologias,2020,511,509,,,-16,-9
Hack Metrix,Chile,Tecnologias,2020,456,596,,,-14,3
Organizame,Chile,Tecnologias,2020,1031,629,,,-4,9
Power Influencer,Chile,Tecnologias,2020,1095,290,,,-16,7
Diario Financiero,Chile,Tecnologias,2020,752,849,,,-5,2
Addi,Colombia,Tecnologias,2020,688,1149,,,-13,1
Alegra,Colombia,Tecnologias,2020,1318,1110,,,-15,-7
Aliatu,Colombia,Tecnologias,2020,247,565,,,-10,7
BioCredit,Colombia,Tecnologias,2020,530,963,,,-7,-8
Gulungo Colombia,Colombia,Tecnologias,2020,1201,837,,,-12,4
iUCollect,Colombia,Tecnologias,2020,1526,932,,,-2,-7
Makers Solutions,Colombia,Tecnologias,2020,1452,693,,,-14,-3
Presta Gente,Colombia,Tecnologias,2020,832,948,,,-2,-2
SIX DEGREES IT,Colombia,Tecnologias,2020,419,841,,,-10,4
Coomeva,Colombia,Tecnologias,2020,987,726,,,0,-1
Banco Mundo Mujer,Colombia,Tecnologias,2020,746,468,,,-5,5
Proteccion S.A.,Colombia,Tecnologias,2020,783,950,,,3,5
Totto,Colombia,Tecnologias,2020,1091,774,,,3,1
Banco del Pacifico,RLA,Tecnologias,2020,843,810,,,-6,5
Albo,Mexico,Tecnologias,2020,338,565,,,-7,11
Alianza Corp,Mexico,Tecnologias,2020,544,595,,,-2,-9
Bitso,Mexico,Tecnologias,2020,569,682,,,-16,5
CLUPP,Mexico,Tecnologias,2020,1170,908,,,-11,-4
Cumplo,Mexico,Tecnologias,2020,307,660,,,-11,-8
Delfos Analytics,Mexico,Tecnologias,2020,580,684,,,-11,7
Delta Protect,Mexico,Tecnologias,2020,664,976,,,-4,2
Distrito Pyme,Mexico,Tecnologias,2020,1402,685,,,-2,-1
ePesos,Mexico,Tecnologias,2020,565,812,,,-11,-1
Expansive,Mexico,Tecnologias,2020,853,885,,,-9,-3
Finauta,Mexico,Tecnologias,2020,725,680,,,-10,-7
Fondify,Mexico,Tecnologias,2020,1044,1100,,,-3,-8
Inverspot,Mexico,Tecnologias,2020,243,392,,,-10,-10
Kueski,Mexico,Tecnologias,2020,1112,939,,,-9,-5
minu,Mexico,Tecnologias,2020,594,697,,,-9,-1
Monific,Mexico,Tecnologias,2020,1064,555,,,-7,7
Pagamobil.com,Mexico,Tecnologias,2020,672,446,,,-10,-10
Ubank,Mexico,Tecnologias,2020,519,556,,,-3,-4
YOIN App,Mexico,Tecnologias,2020,816,633,,,-14,9
John Deere,Mexico,Tecnologias,2020,1006,595,,,-4,3
Mabe,Mexico,Tecnologias,2020,573,743,,,-1,-1
Universidad Digital del Estado de Mexico,Mexico,Tecnologias,2020,661,441,,,0,7
Copa Airlines,RLA,Tecnologias,2020,881,930,,,0,3
Ayllu Fintech,Peru,Tecnologias,2020,717,862,,,-14,-4
CrediFace,Peru,Tecnologias,2020,807,546,,,-5,-7
Finsmart Peru,Peru,Tecnologias,2020,860,555,,,-17,-3
Kapital Zocial,Peru,Tecnologias,2020,983,700,,,-7,-11
Mercania,Peru,Tecnologias,2020,902,561,,,-4,5
Tappoyo,Peru,Tecnologias,2020,445,767,,,-14,-1
Perupetro,Peru,Tecnologias,2020,644,845,,,2,2
Unafin,RLA,Tecnologias,2020,1650,550,,,-2,-10
The Winterbotham Trust Company,RLA,Tecnologias,2020,777,423,,,-6,1
Banco Exterior,RLA,Tecnologias,2020,1119,585,,,0,7
Apperto,Argentina,Telecom,2020,1730,471,,,-4,0
Bitex,Argentina,Telecom,2020,1289,723,,,-15,-4
Blah Box,Argentina,Telecom,2020,581,376,,,-2,7
Colppy,Argentina,Telecom,2020,928,508,,,-16,-2
Credility,Argentina,Telecom,2020,1450,1060,,,-4,-3
Efectivo Ahora,Argentina,Telecom,2020,565,910,,,-13,5
Eye Capital,Argentina,Telecom,2020,842,892,,,-3,-6
Linckard,Argentina,Telecom,2020,1594,614,,,-11,-13
Portafolio personal inversiones,Argentina,Telecom,2020,786,576,,,-7,3
Troopa,Argentina,Telecom,2020,1056,1106,,,-8,2
VU Security,Argentina,Telecom,2020,421,733,,,-15,5
Tribunales,Argentina,Telecom,2020,1096,559,,,-8,7
Farmacity,Argentina,Telecom,2020,699,907,,,-4,6
AdsUp,Brasil,Telecom,2020,953,694,,,-4,-1
Antecipa,Brasil,Telecom,2020,1412,812,,,-14,6
Cointimes,Brasil,Telecom,2020,812,682,,,-1,-8
Contabilizei,Brasil,Telecom,2020,933,978,,,-4,5
iFood,Brasil,Telecom,2020,1182,782,,,-6,7
KeroGrana,Brasil,Telecom,2020,910,377,,,-14,-2
Kickante,Brasil,Telecom,2020,1088,495,,,-15,8
KOIN,Brasil,Telecom,2020,595,698,,,-10,-6
Lendico Brasil,Brasil,Telecom,2020,1184,373,,,1,11
NEXXTO,Brasil,Telecom,2020,1197,540,,,-8,-4
Nubank,Brasil,Telecom,2020,1232,711,,,-12,-6
Olist,Brasil,Telecom,2020,748,614,,,-16,-11
Par Mais,Brasil,Telecom,2020,815,296,,,-6,-4
QueroQuitar,Brasil,Telecom,2020,1373,448,,,-10,-3
Compara Online,Chile,Telecom,2020,678,963,,,-10,10
Jooycar,Chile,Telecom,2020,726,928,,,-13,5
La Plataforma,Chile,Telecom,2020,1076,1201,,,-2,1
Punto Total,Chile,Telecom,2020,346,1160,,,-15,-1
Se Socio,Chile,Telecom,2020,695,803,,,-5,-6
U Payments,Chile,Telecom,2020,768,515,,,-18,-3
Crezcamos S.A.,Colombia,Telecom,2020,611,841,,,-16,-2
Excel Credit,Colombia,Telecom,2020,886,751,,,-9,-3
Invest Latam,Colombia,Telecom,2020,818,617,,,-13,-11
Mesfix,Colombia,Telecom,2020,1071,791,,,-5,7
Nabica,Colombia,Telecom,2020,1395,816,,,-15,-11
People Tech,Colombia,Telecom,2020,930,310,,,-6,-1
R5,Colombia,Telecom,2020,1021,763,,,-11,4
Wikiplata,Colombia,Telecom,2020,839,581,,,-10,-6
Zinobe,Colombia,Telecom,2020,468,1005,,,-15,-1
Servicios Nutresa S.A.S,Colombia,Telecom,2020,686,504,,,-7,3
Banco de la Republica,Colombia,Telecom,2020,1099,595,,,-4,0
CENS S.A. E.S.P.,Colombia,Telecom,2020,1079,889,,,1,3
Transelca,Colombia,Telecom,2020,991,817,,,1,1
Banco del Pacifico,RLA,Telecom,2020,658,460,,,-2,-1
Banrural,RLA,Telecom,2020,977,606,,,-5,4
Banco Promerica,RLA,Telecom,2020,1125,690,,,-1,2
Coru,Mexico,Telecom,2020,332,515,,,-9,-9
Credify,Mexico,Telecom,2020,833,782,,,-6,-12
Data Science Academy Mexico,Mexico,Telecom,2020,1517,443,,,-4,-9
Invierte Con Expertos,Mexico,Telecom,2020,749,1021,,,-9,-5
Logiety,Mexico,Telecom,2020,1067,462,,,-14,-5
MR Presta,Mexico,Telecom,2020,569,723,,,-4,-11
Paynom,Mexico,Telecom,2020,852,588,,,-14,-5
Play Business,Mexico,Telecom,2020,507,680,,,-4,7
SeguroSimple,Mexico,Telecom,2020,996,898,,,-2,3
UPAX,Mexico,Telecom,2020,734,1059,,,-3,-4
Visor ADL,Mexico,Telecom,2020,1210,481,,,-9,-10
Pieles Sinteticas S. A.  de C. V.,Mexico,Telecom,2020,784,594,,,1,-1
IMSS,Mexico,Telecom,2020,829,407,,,-6,1
COECYTJAL,Mexico,Telecom,2020,732,440,,,1,1
Cenapred,Mexico,Telecom,2020,557,685,,,-7,5
Hermes Infraestructura,Mexico,Telecom,2020,890,414,,,-3,6
Grupo Coppel,Mexico,Telecom,2020,841,826,,,-5,3
Municipio de Benito Juarez Quintana Roo,Mexico,Telecom,2020,730,760,,,0,1
Electronic Identification,Mexico,Telecom,2020,883,458,,,-11,6
Banco General,RLA,Telecom,2020,888,567,,,-3,4
Chaty,Peru,Telecom,2020,315,1033,,,-15,4
Independencia,Peru,Telecom,2020,338,555,,,-14,5
Kontigo,Peru,Telecom,2020,556,535,,,-3,8
MidPointFX,Peru,Telecom,2020,1190,706,,,-11,-6
Punto Com Rent,Peru,Telecom,2020,418,1325,,,-16,2
Tkambio,Peru,Telecom,2020,788,795,,,-9,-3
Ferreycorp,Peru,Telecom,2020,1080,607,,,-2,4
Inversiones La Cruz,Peru,Telecom,2020,1059,699,,,-4,-1
Prima AFP,Peru,Telecom,2020,621,426,,,-1,1
UPeU,Peru,Telecom,2020,951,470,,,-2,2
Banco Pichincha Peru,Peru,Telecom,2020,1076,802,,,-2,0
DGII,RLA,Telecom,2020,834,935,,,-5,6
Asociacion Peravia de Ahorros y Prestamos,RLA,Telecom,2020,773,426,,,-5,0
Infocorp,RLA,Telecom,2020,334,528,,,-7,-7
Mercofact,RLA,Telecom,2020,576,434,,,-15,-5
MiFinanzas,RLA,Telecom,2020,861,343,,,-11,-3
