123 Seguro,Colombia,Comercio,2018,41,64,,,
123 Seguro,Colombia,Comercio,2019,43,72,42,15,43
1Doc3,Colombia,Manufactura,2019,24,67,22,58,42
2Trans Fair,Colombia,Servicios,2019,58,54,65,56,58
abaco,Colombia,Financiera,2018,60,15,,,
abaco,Colombia,Financiera,2019,68,20,62,78,57
ABCD,Brasil,Tecnologias,2018,50,41,68,51,52
ABCD,Brasil,Tecnologias,2019,65,48,69,61,60
ABL Capital,Colombia,Telecom,2019,57,56,66,6,46
ACHE - Software Solutions,Argentina,Servicios,2019,47,84,96,70,74
ACO,Brasil,Financiera,2018,25,59,24,76,46
ACO,Brasil,Financiera,2019,35,72,39,91,59
Acordo Certo,Brasil,Servicios,2018,58,72,82,34,61
Acordo Certo,Brasil,Servicios,2019,59,77,89,48,68
ADC Movil,RLA,Servicios,2019,18,27,27,53,31
Addi,Colombia,Tecnologias,2019,60,69,37,91,64
Adianta,Brasil,Financiera,2018,66,23,20,9,29
Adianta,Brasil,Financiera,2019,78,24,23,10,33
AdsUp,Brasil,Telecom,2018,56,41,62,19,44
AdsUp,Brasil,Telecom,2019,60,44,74,27,51
Aflore,Colombia,Servicios,2019,88,22,60,36,51
Afluenta,Argentina,Tecnologias,2019,95,18,79,70,65
Agente Cash,Peru,Tecnologias,2018,32,54,,,
Agente Cash,Peru,Tecnologias,2019,40,56,95,99,72
Agilis,Argentina,Tecnologias,2018,90,66,,,
Agilis,Argentina,Tecnologias,2019,94,73,78,53,74
Agrofy,Argentina,Tecnologias,2019,82,94,74,63,78
Ahorra Seguros,Mexico,Financiera,2019,55,96,81,65,74
ai360,Mexico,Manufactura,2018,11,49,54,37,37
ai360,Mexico,Manufactura,2019,12,58,66,45,45
Airfluencers,Brasil,Financiera,2018,55,50,62,8,43
Airfluencers,Brasil,Financiera,2019,69,50,65,17,50
Albo,Mexico,Tecnologias,2019,44,83,54,41,55
Alegra,Colombia,Tecnologias,2019,34,67,80,95,69
Alfi,Chile,Manufactura,2018,64,50,,,
Alfi,Chile,Manufactura,2019,79,51,64,40,58
Ali Credito,Brasil,Servicios,2018,16,17,13,56,25
Ali Credito,Brasil,Servicios,2019,22,27,22,64,33
Alianza Corp,Mexico,Tecnologias,2019,17,60,25,47,37
Aliatu,Colombia,Tecnologias,2019,67,92,5,33,49
Alibre,Mexico,Servicios,2018,5,12,21,13,12
Alibre,Mexico,Servicios,2019,16,21,23,13,18
AlmaFintech,Argentina,Comercio,2018,72,33,,,
AlmaFintech,Argentina,Comercio,2019,87,37,51,29,51
Alphacredit,Mexico,Comercio,2019,58,22,86,90,64
Alquilando.com,Argentina,Comercio,2019,59,53,78,10,50
Altoke,Peru,Servicios,2018,19,32,,,
Altoke,Peru,Servicios,2019,28,33,35,96,48
Amipass,Chile,Servicios,2018,88,5,,,
Amipass,Chile,Servicios,2019,88,6,79,86,64
Andino Art,Peru,Tecnologias,2019,11,86,94,79,67
Andy,Peru,Financiera,2019,49,95,20,85,62
Antecipa,Brasil,Telecom,2018,90,71,32,60,63
Antecipa,Brasil,Telecom,2019,100,83,46,61,72
Antecipa Facil,Brasil,Manufactura,2018,6,4,28,26,16
Antecipa Facil,Brasil,Manufactura,2019,21,9,40,30,25
Apperto,Argentina,Telecom,2019,39,90,94,25,62
Apurata,Peru,Financiera,2019,56,5,96,74,57
Aquistar,Mexico,Servicios,2018,34,73,7,6,30
Aquistar,Mexico,Servicios,2019,35,79,18,12,36
Ark Fund,Mexico,Servicios,2018,67,16,64,61,52
Ark Fund,Mexico,Servicios,2019,68,27,78,72,61
ArkusNexus,Mexico,Comercio,2019,21,56,22,60,39
Arma tu Vaca,Colombia,Comercio,2019,51,77,73,8,52
ASAAS,Brasil,Manufactura,2018,4,66,77,56,50
ASAAS,Brasil,Manufactura,2019,6,71,85,64,56
Aseguralo,Peru,Servicios,2018,17,16,,,
Aseguralo,Peru,Servicios,2019,31,16,19,69,33
Ask Robin,Chile,Tecnologias,2019,36,90,89,19,58
Aspiria,Mexico,Financiera,2019,24,33,25,80,40
Assessor,Peru,Financiera,2018,27,37,,,
Assessor,Peru,Financiera,2019,29,50,86,59,56
ASSIPI,Brasil,Comercio,2018,34,12,61,75,45
ASSIPI,Brasil,Comercio,2019,40,22,64,79,51
Astro Asset,Brasil,Financiera,2019,30,73,76,79,64
Athena Bitcoin,Colombia,Servicios,2019,64,95,68,31,64
Atlas Quantum,Brasil,Comercio,2018,4,88,66,46,51
Atlas Quantum,Brasil,Comercio,2019,11,99,68,53,57
Atomic Agro,Brasil,Manufactura,2018,85,41,20,5,37
Atomic Agro,Brasil,Manufactura,2019,85,52,31,7,43
AU10TIX,Mexico,Financiera,2019,33,70,92,8,50
Auto Chilango,Mexico,Financiera,2019,32,53,23,86,48
Avante,Mexico,Manufactura,2018,60,37,5,6,27
Avante,Mexico,Manufactura,2019,65,40,12,7,31
Axend,Mexico,Financiera,2018,24,88,79,16,51
Axend,Mexico,Financiera,2019,33,95,81,19,57
Ayllu Fintech,Peru,Tecnologias,2019,86,15,68,95,66
B&R Consultores,Peru,Servicios,2019,49,30,20,71,42
B.trader,Argentina,Servicios,2018,53,49,,,
B.trader,Argentina,Servicios,2019,58,49,43,49,49
Banca Valor,Colombia,Tecnologias,2018,76,4,,,
Banca Valor,Colombia,Tecnologias,2019,78,8,5,51,35
Bancompara,Mexico,Comercio,2019,60,80,99,76,78
Bankamoda,Colombia,Manufactura,2019,38,6,88,37,42
Bankingly,RLA,Servicios,2018,85,86,,,
Bankingly,RLA,Servicios,2019,93,88,51,19,62
Bart.Digital,Brasil,Servicios,2018,9,32,58,32,32
Bart.Digital,Brasil,Servicios,2019,19,36,69,34,39
Basement,Brasil,Comercio,2019,83,89,5,98,68
Bayonet.io,Mexico,Servicios,2019,58,14,23,19,28
BBVA Next Technologies,Mexico,Servicios,2018,23,42,66,15,36
BBVA Next Technologies,Mexico,Servicios,2019,33,47,75,27,45
BCP Global,Mexico,Manufactura,2018,5,88,40,11,36
BCP Global,Mexico,Manufactura,2019,11,96,44,21,43
BDO,Argentina,Servicios,2019,39,19,41,32,32
Beblue,Brasil,Manufactura,2019,77,16,11,9,28
BeCual,Chile,Financiera,2018,49,53,,,
BeCual,Chile,Financiera,2019,63,68,59,62,63
Bederr,Peru,Telecom,2018,6,66,,,
Bederr,Peru,Telecom,2019,8,68,83,87,61
BEFX,Chile,Manufactura,2019,6,56,64,66,48
Belvo,Mexico,Servicios,2019,11,9,53,39,28
Ben & Frank,Mexico,Servicios,2018,3,20,8,39,17
Ben & Frank,Mexico,Servicios,2019,9,28,15,45,24
Beriblock,Colombia,Servicios,2018,52,18,,,
Beriblock,Colombia,Servicios,2019,54,30,27,25,34
Besafe Inversiones,Chile,Servicios,2019,11,5,99,51,41
Bien para Bien,Mexico,Servicios,2019,36,77,36,39,47
Big Data,Brasil,Tecnologias,2018,5,5,55,49,28
Big Data,Brasil,Tecnologias,2019,8,7,60,49,31
Billex,Peru,Tecnologias,2018,76,61,,,
Billex,Peru,Tecnologias,2019,91,75,94,94,88
BILLEX Divisas,Peru,Comercio,2019,10,58,79,20,41
Billpocket,Mexico,Telecom,2019,85,68,99,98,87
Billy,Colombia,Servicios,2018,13,82,,,
Billy,Colombia,Servicios,2019,24,83,6,30,35
BIND,Argentina,Tecnologias,2018,60,95,,,
BIND,Argentina,Tecnologias,2019,63,97,75,80,78
BioCredit,Colombia,Tecnologias,2019,11,24,38,98,42
Biometrika,Chile,Comercio,2019,48,25,61,49,45
Bit.One,Brasil,Financiera,2018,9,90,94,73,66
Bit.One,Brasil,Financiera,2019,24,100,94,87,76
Bitcoinday,Argentina,Servicios,2018,20,5,,,
Bitcoinday,Argentina,Servicios,2019,32,9,26,29,24
Bitex,Argentina,Telecom,2019,100,97,92,64,88
BitInka,Argentina,Tecnologias,2019,66,86,62,11,56
bitmall,Colombia,Manufactura,2018,34,51,,,
bitmall,Colombia,Manufactura,2019,34,57,51,23,41
BITS Americas S.A.S,Colombia,Comercio,2018,24,73,,,
BITS Americas S.A.S,Colombia,Comercio,2019,32,84,43,31,47
Bitso,Mexico,Tecnologias,2019,64,34,48,77,55
Bitvana,Chile    ,Tecnologias,2019,80,37,97,58,68
Blah Box,Argentina,Telecom,2018,86,77,,,
Blah Box,Argentina,Telecom,2019,86,86,40,43,63
Blockzy,Argentina,Comercio,2018,33,2,,,
Blockzy,Argentina,Comercio,2019,46,10,19,61,34
Blowzy,Mexico,Comercio,2019,19,62,30,15,31
BLU365,Brasil,Comercio,2019,81,71,34,78,66
Blumon Pay,Mexico,Manufactura,2018,67,84,28,43,55
Blumon Pay,Mexico,Manufactura,2019,73,86,40,57,64
Bom Pra Credito,Brasil,Manufactura,2018,25,87,20,5,34
Bom Pra Credito,Brasil,Manufactura,2019,37,98,30,14,44
Bondarea,Argentina,Manufactura,2019,8,16,10,6,10
BP4,Argentina,Telecom,2019,94,87,21,91,73
Briq.mx,Mexico,Servicios,2018,86,77,54,41,64
Briq.mx,Mexico,Servicios,2019,86,82,59,51,69
Broota,Chile,Servicios,2018,25,86,,,
Broota,Chile,Servicios,2019,33,88,5,77,50
Broxel,Mexico,Servicios,2019,10,66,96,69,60
Brubank,Argentina,Manufactura,2019,69,85,71,55,70
Buda,Colombia,Financiera,2018,38,37,,,
Buda,Colombia,Financiera,2019,42,40,29,75,46
Buenbit,Argentina,Tecnologias,2018,43,78,,,
Buenbit,Argentina,Tecnologias,2019,52,87,57,19,53
BuenTrip Ventures,RLA,Servicios,2019,78,20,16,38,38
Bull Market Brokers,Argentina,Financiera,2019,80,86,26,95,71
Busqo,Colombia,Financiera,2018,81,24,,,
Busqo,Colombia,Financiera,2019,88,29,36,45,49
Bx Blue,Brasil,Telecom,2018,79,80,77,65,75
Bx Blue,Brasil,Telecom,2019,88,94,78,73,83
C6 Bank,Brasil,Tecnologias,2019,96,81,75,91,85
Cacao,Mexico,Manufactura,2019,62,12,26,60,40
Cambia FX,Peru,Telecom,2018,72,88,,,
Cambia FX,Peru,Telecom,2019,73,89,42,91,73
CambiaFacil,RLA,Comercio,2018,57,43,,,
CambiaFacil,RLA,Comercio,2019,58,45,56,11,42
CambioAR,Argentina,Manufactura,2019,50,68,6,25,37
Cambista,Peru,Manufactura,2019,8,54,97,9,42
CapitalTech,Mexico,Servicios,2018,55,71,37,32,48
CapitalTech,Mexico,Servicios,2019,56,81,49,42,57
Capitaria,Chile,Comercio,2018,40,47,,,
Capitaria,Chile,Comercio,2019,48,50,44,16,39
CapRate,Brasil,Manufactura,2019,28,42,98,83,62
CargoX,Brasil,Financiera,2019,20,44,53,46,40
Carteraok,Colombia,Comercio,2018,85,1,,,
Carteraok,Colombia,Comercio,2019,97,9,62,78,61
Carteras Colectivas,Colombia,Tecnologias,2018,83,11,,,
Carteras Colectivas,Colombia,Tecnologias,2019,95,19,63,34,52
CCX,Colombia,Servicios,2019,63,32,73,33,50
Celcoin,Brasil,Manufactura,2019,81,85,38,92,74
CellPay,Mexico,Servicios,2018,34,10,85,3,33
CellPay,Mexico,Servicios,2019,49,15,86,5,38
Ceptinel,Chile,Tecnologias,2018,54,63,,,
Ceptinel,Chile,Tecnologias,2019,59,70,52,99,70
CFOremoto,Chile,Telecom,2019,72,93,77,23,66
Chapa Cash,Peru,Financiera,2019,67,66,53,14,50
Chaty,Peru,Telecom,2018,5,24,,,
Chaty,Peru,Telecom,2019,11,27,7,97,35
Chipax,Chile,Telecom,2018,57,76,,,
Chipax,Chile,Telecom,2019,69,83,57,6,53
Chita,Chile,Tecnologias,2019,54,61,100,46,65
Circulo de Credito,Mexico,Financiera,2019,54,94,84,43,68
CITC,Mexico,Financiera,2018,47,23,54,37,40
CITC,Mexico,Financiera,2019,58,28,68,51,51
Clay,Chile,Comercio,2018,81,52,,,
Clay,Chile,Comercio,2019,89,56,75,86,76
Click In House,Colombia,Servicios,2019,99,80,48,64,72
Clip,Mexico,Financiera,2019,87,49,65,68,67
CloudWalk,Brasil,Comercio,2018,4,28,43,36,27
CloudWalk,Brasil,Comercio,2019,12,41,50,51,38
CLUPP,Mexico,Tecnologias,2018,24,74,83,50,57
CLUPP,Mexico,Tecnologias,2019,30,81,83,60,63
co2in,Brasil,Comercio,2019,13,12,66,78,42
Cobin,Peru,Financiera,2019,21,53,83,27,46
Cobli,Brasil,Tecnologias,2018,74,80,71,8,58
Cobli,Brasil,Tecnologias,2019,83,89,71,13,64
COCO MARKET,Argentina,Servicios,2018,16,10,,,
COCO MARKET,Argentina,Servicios,2019,26,22,16,35,24
Code Money,Brasil,Manufactura,2019,5,25,33,9,18
Coinrex,Mexico,Financiera,2019,39,8,40,66,38
Cointimes,Brasil,Telecom,2018,37,21,58,74,47
Cointimes,Brasil,Telecom,2019,51,24,59,85,54
Colektia,Chile,Comercio,2018,71,73,,,
Colektia,Chile,Comercio,2019,84,78,51,73,71
Collect Pay,Colombia,Financiera,2019,70,14,61,59,51
Colppy,Argentina,Telecom,2019,12,24,96,70,50
Compara Mejor,Colombia,Servicios,2018,17,5,,,
Compara Mejor,Colombia,Servicios,2019,29,10,73,37,37
Compara Online,Chile,Telecom,2018,17,61,,,
Compara Online,Chile,Telecom,2019,23,62,23,89,49
Compara Online Servicos De Informatica,Brasil,Servicios,2019,66,35,52,69,55
Comparale,Mexico,Servicios,2019,97,40,11,47,48
Compudemano,Colombia,Servicios,2018,17,27,,,
Compudemano,Colombia,Servicios,2019,26,29,55,74,46
Conekta,Mexico,Manufactura,2018,92,6,33,64,48
Conekta,Mexico,Manufactura,2019,98,11,46,73,57
ConnectaLabs AI,Chile,Comercio,2019,84,22,76,37,54
Conta Azul,Brasil,Servicios,2019,38,24,17,43,30
Contabilium,Argentina,Tecnologias,2018,92,84,,,
Contabilium,Argentina,Tecnologias,2019,92,92,24,97,76
Contabilizate.com,Mexico,Comercio,2018,31,43,5,81,40
Contabilizate.com,Mexico,Comercio,2019,44,56,11,90,50
Contabilizei,Brasil,Telecom,2019,28,42,63,60,48
Contagram,Argentina,Comercio,2019,49,36,39,17,35
contarte.mx,Mexico,Manufactura,2018,47,24,55,2,32
contarte.mx,Mexico,Manufactura,2019,53,29,63,12,39
Contrato Marco,Colombia,Financiera,2018,12,64,,,
Contrato Marco,Colombia,Financiera,2019,19,79,96,15,52
Coru,Mexico,Telecom,2019,98,79,81,47,76
Crabi,Mexico,Manufactura,2019,44,72,49,22,46
Credencial,Mexico,Manufactura,2018,39,88,47,74,62
Credencial,Mexico,Manufactura,2019,50,93,56,75,68
Credibanco,Colombia,Financiera,2018,61,49,,,
Credibanco,Colombia,Financiera,2019,69,63,22,65,54
Credicuotas,Argentina,Financiera,2019,55,75,16,89,58
CrediFace,Peru,Tecnologias,2019,84,90,68,54,74
Credify,Mexico,Telecom,2018,83,53,55,83,68
Credify,Mexico,Telecom,2019,85,57,64,92,74
Credijusto.com,Mexico,Financiera,2018,9,52,24,55,35
Credijusto.com,Mexico,Financiera,2019,18,58,34,57,41
Credility,Argentina,Telecom,2019,50,40,91,99,70
Credimejora,Mexico,Manufactura,2019,13,9,54,97,43
Credinnova,Peru,Manufactura,2018,62,63,,,
Credinnova,Peru,Manufactura,2019,76,71,26,47,55
Credipy,RLA,Comercio,2018,17,48,,,
Credipy,RLA,Comercio,2019,25,48,49,88,52
CrediSeguro,Colombia,Financiera,2019,16,86,14,28,36
Credissimo,Colombia,Servicios,2019,61,34,60,39,48
Creditas,Brasil,Servicios,2018,35,70,38,32,43
Creditas,Brasil,Servicios,2019,42,79,45,43,52
Creditea,Mexico,Servicios,2018,50,5,73,6,33
Creditea,Mexico,Servicios,2019,55,12,77,19,40
Creditoo,Brasil,Servicios,2019,59,20,55,81,53
Credmobi,Brasil,Manufactura,2019,81,46,76,21,56
CredPago,Brasil,Servicios,2018,19,10,38,86,38
CredPago,Brasil,Servicios,2019,25,12,39,88,41
Crezcamos S.A.,Colombia,Telecom,2018,6,31,,,
Crezcamos S.A.,Colombia,Telecom,2019,6,36,41,68,37
Creze,Mexico,Financiera,2019,13,85,51,49,49
Crowdium,Argentina,Financiera,2019,98,63,93,31,71
CrowdSocios,Mexico,Manufactura,2018,31,12,68,11,30
CrowdSocios,Mexico,Manufactura,2019,36,18,71,18,35
Cryptobuyer,RLA,Telecom,2018,15,86,,,
Cryptobuyer,RLA,Telecom,2019,15,96,83,36,57
Cryptomarket,Chile,Manufactura,2019,73,64,91,63,72
Cuanto,RLA,Tecnologias,2019,29,18,24,97,42
Cubo333,Brasil,Comercio,2018,5,92,34,36,41
Cubo333,Brasil,Comercio,2019,20,100,38,39,49
Cuenca,Mexico,Manufactura,2018,71,67,22,66,56
Cuenca,Mexico,Manufactura,2019,85,69,32,72,64
CuidaMiMascota.com,Mexico,Telecom,2019,96,20,70,56,60
Culqui,Peru,Servicios,2019,60,23,26,53,40
Cumplo,Mexico,Tecnologias,2018,30,82,69,10,47
Cumplo,Mexico,Tecnologias,2019,45,89,84,19,59
D Local,Colombia,Comercio,2018,39,61,,,
D Local,Colombia,Comercio,2019,41,70,80,88,69
Daexs,Colombia,Financiera,2019,15,18,44,93,42
DalmondFx,Mexico,Telecom,2019,80,83,63,96,80
Dapp,Mexico,Servicios,2018,27,26,70,49,43
Dapp,Mexico,Servicios,2019,42,40,85,57,56
DashFleet,Colombia,Telecom,2018,81,52,,,
DashFleet,Colombia,Telecom,2019,91,66,53,6,54
Data Science Academy Mexico,Mexico,Telecom,2019,78,27,92,12,52
Datapedia,Brasil,Financiera,2019,61,28,10,34,33
Decidata,Mexico,Comercio,2018,4,6,57,34,25
Decidata,Mexico,Comercio,2019,13,12,61,37,30
Delfos Analytics,Mexico,Tecnologias,2018,59,54,39,5,39
Delfos Analytics,Mexico,Tecnologias,2019,61,69,40,11,45
Deli Delivery,Mexico,Financiera,2019,95,66,27,14,50
Delta Protect,Mexico,Tecnologias,2019,31,91,32,33,46
Destacame,Chile,Comercio,2018,81,46,,,
Destacame,Chile,Comercio,2019,95,47,57,43,60
Destacame.cl,Chile,Financiera,2018,10,68,,,
Destacame.cl,Chile,Financiera,2019,15,69,35,42,40
DEUcredito,Brasil,Financiera,2019,81,40,94,84,74
Devsu,RLA,Servicios,2019,73,61,79,15,57
Dharma,Brasil,Manufactura,2018,45,65,73,17,50
Dharma,Brasil,Manufactura,2019,53,78,87,23,60
Digital Credit,Mexico,Tecnologias,2018,56,32,21,81,47
Digital Credit,Mexico,Tecnologias,2019,71,37,26,93,56
Distrito Pyme,Mexico,Tecnologias,2019,22,81,82,14,49
Dividendee,Mexico,Comercio,2019,45,95,61,47,62
Doare,Brasil,Tecnologias,2018,42,38,62,9,37
Doare,Brasil,Tecnologias,2019,52,49,71,23,48
Doble Impacto,Chile,Manufactura,2018,5,71,,,
Doble Impacto,Chile,Manufactura,2019,5,79,69,41,48
Doers,Argentina,Manufactura,2019,36,26,51,33,36
Dollar House,Peru,Manufactura,2019,83,5,68,20,44
Doopla,Mexico,Servicios,2018,5,51,1,5,15
Doopla,Mexico,Servicios,2019,7,58,8,12,21
Doutor123,Brasil,Servicios,2018,8,23,6,11,12
Doutor123,Brasil,Servicios,2019,11,37,9,25,20
Druo,Colombia,Tecnologias,2019,49,100,59,45,63
DTC Security,Chile,Telecom,2019,84,57,94,95,82
Duemint,Chile,Servicios,2018,83,59,,,
Duemint,Chile,Servicios,2019,97,74,6,58,58
Dvdendo,RLA,Comercio,2018,35,45,,,
Dvdendo,RLA,Comercio,2019,40,45,26,83,48
EASYCReDITO,Brasil,Comercio,2019,48,92,46,94,70
EBANX,RLA,Manufactura,2019,99,37,40,55,57
eBill,Colombia,Servicios,2018,5,78,,,
eBill,Colombia,Servicios,2019,5,81,56,79,55
eCollect,Colombia,Comercio,2018,59,18,,,
eCollect,Colombia,Comercio,2019,65,20,22,58,41
eFactor Network,Mexico,Comercio,2019,15,93,61,47,54
Efectivo Ahora,Argentina,Telecom,2019,68,29,31,59,46
EFISYS,Mexico,Manufactura,2018,78,36,14,56,46
EFISYS,Mexico,Manufactura,2019,92,37,20,57,51
El 20,Mexico,Comercio,2018,50,10,35,59,38
El 20,Mexico,Comercio,2019,54,13,39,73,44
El Contenedor,Chile,Tecnologias,2019,87,53,48,56,61
Electronic Identification,Mexico    ,Telecom,2019,97,24,56,48,56
ElegirSeguro.com,Argentina,Manufactura,2018,91,56,,,
ElegirSeguro.com,Argentina,Manufactura,2019,93,62,22,66,60
Elenas,Colombia,Comercio,2018,31,68,,,
Elenas,Colombia,Comercio,2019,40,78,7,8,33
Emailage,Mexico,Servicios,2019,24,89,84,38,58
Emi Labs,Argentina,Comercio,2019,89,91,37,76,73
Emprestify,Argentina,Tecnologias,2018,84,81,,,
Emprestify,Argentina,Tecnologias,2019,89,82,25,78,68
Empreware,Argentina,Manufactura,2018,89,70,,,
Empreware,Argentina,Manufactura,2019,92,84,66,68,77
Enbanca,Colombia,Comercio,2019,35,94,77,92,74
Enconta,Mexico,Financiera,2019,86,28,79,71,66
Enso,Mexico,Tecnologias,2018,46,50,4,58,39
Enso,Mexico,Tecnologias,2019,60,62,11,58,47
ENTRENAMIENTO CEREBRAL,Colombia,Financiera,2018,1,70,,,
ENTRENAMIENTO CEREBRAL,Colombia,Financiera,2019,7,79,40,84,52
Entrepreneurial Finance Lab [EFL Global],Peru,Manufactura,2019,75,20,57,49,50
EnvioClick,Mexico,Manufactura,2019,32,9,8,54,25
ePesos,Mexico,Tecnologias,2018,88,80,3,78,62
ePesos,Mexico,Tecnologias,2019,92,80,8,78,64
ePlata,Mexico,Manufactura,2018,83,9,64,46,50
ePlata,Mexico,Manufactura,2019,89,21,74,49,58
E-prepag,Brasil,Comercio,2019,48,25,97,45,53
EqSeed,Brasil,Telecom,2019,49,92,30,20,47
Eurobits,Mexico    ,Manufactura,2018,72,22,27,21,35
Eurobits,Mexico    ,Manufactura,2019,77,27,36,22,40
Everbots,Mexico,Servicios,2018,5,11,18,75,27
Everbots,Mexico,Servicios,2019,6,24,32,88,37
Evotech Solution,Peru,Tecnologias,2019,90,78,23,35,56
EWALLY,Brasil,Financiera,2019,53,64,59,84,65
Excel Credit,Colombia,Telecom,2018,93,51,,,
Excel Credit,Colombia,Telecom,2019,99,64,53,58,68
Expansive,Mexico,Tecnologias,2018,33,52,62,58,51
Expansive,Mexico,Tecnologias,2019,38,56,63,63,55
EXPERT CLOUD ONE,Mexico,Financiera,2019,63,25,77,14,44
Expert One SAP,Peru,Manufactura,2019,82,54,19,30,46
Exponencial,Colombia,Telecom,2018,44,77,,,
Exponencial,Colombia,Telecom,2019,50,87,55,6,49
Exten,Brasil,Tecnologias,2018,63,31,88,86,67
Exten,Brasil,Tecnologias,2019,70,43,91,95,74
Eye Capital,Argentina,Telecom,2019,88,8,68,80,61
Factoring Lab,Peru,Manufactura,2019,68,26,8,54,39
Factoring Total,Peru,Financiera,2018,19,5,,,
Factoring Total,Peru,Financiera,2019,34,8,54,30,31
Facturama,Mexico,Comercio,2018,40,32,5,45,30
Facturama,Mexico,Comercio,2019,48,42,10,48,37
Facturapi,Mexico,Servicios,2019,74,5,91,34,51
Facturedo,Mexico,Servicios,2019,77,29,62,79,61
Fastura,Peru,Financiera,2018,20,74,,,
Fastura,Peru,Financiera,2019,31,76,47,54,52
Feenicia,Mexico,Financiera,2018,65,55,44,65,57
Feenicia,Mexico,Financiera,2019,73,68,44,78,65
Ferratum Money,Mexico,Telecom,2019,68,63,48,65,61
Fiesta,Colombia,Financiera,2019,75,10,47,40,43
Finaktiva,Colombia,Manufactura,2018,16,38,,,
Finaktiva,Colombia,Manufactura,2019,19,51,33,41,36
Financialo Mejor,Colombia,Servicios,2018,5,11,,,
Financialo Mejor,Colombia,Servicios,2019,8,11,32,47,24
FinanciarMe,RLA,Comercio,2019,92,90,50,37,67
Finanzas con O' alone,Peru,Servicios,2019,70,27,80,42,54
Finauta,Mexico,Tecnologias,2018,5,36,36,48,31
Finauta,Mexico,Tecnologias,2019,7,50,49,51,39
Finbitz,Mexico,Servicios,2018,23,92,14,45,43
Finbitz,Mexico,Servicios,2019,33,92,28,57,52
Fincredix,Mexico,Servicios,2019,50,43,76,36,51
Finerio,Mexico,Tecnologias,2019,60,43,79,24,51
FINGAME,Mexico,Comercio,2018,86,6,42,70,51
FINGAME,Mexico,Comercio,2019,91,9,55,75,57
Fino Bank,Mexico,Servicios,2018,68,79,5,2,38
Fino Bank,Mexico,Servicios,2019,69,86,6,15,44
finpass,Brasil,Tecnologias,2019,65,18,32,99,53
Finsmart Peru,Peru,Tecnologias,2019,91,24,68,41,56
Finsocial,Colombia,Manufactura,2018,53,28,,,
Finsocial,Colombia,Manufactura,2019,58,32,38,76,51
Fintonic,Mexico,Manufactura,2018,16,61,29,77,45
Fintonic,Mexico,Manufactura,2019,20,74,32,79,51
Fintual,Chile,Comercio,2019,49,20,51,56,44
Finvox,Chile,Manufactura,2019,20,14,97,24,38
Fisapay,Colombia,Financiera,2018,2,83,,,
Fisapay,Colombia,Financiera,2019,15,85,26,14,35
Flexibility,Argentina,Servicios,2018,79,18,,,
Flexibility,Argentina,Servicios,2019,84,29,23,43,44
Flink,Mexico,Servicios,2019,75,41,82,33,57
Flow,Chile,Comercio,2019,59,64,94,94,77
FLY CAPITAL,Mexico,Comercio,2018,18,59,64,67,52
FLY CAPITAL,Mexico,Comercio,2019,28,71,69,76,61
FOL,Chile,Telecom,2018,13,50,,,
FOL,Chile,Telecom,2019,26,52,91,54,55
Fondify,Mexico,Tecnologias,2019,58,33,78,82,62
Founder List,Chile,Telecom,2019,21,99,19,95,58
Foxbit,Brasil,Financiera,2018,88,4,65,17,43
Foxbit,Brasil,Financiera,2019,100,16,71,30,54
Fulljaus,Argentina,Servicios,2018,84,18,,,
Fulljaus,Argentina,Servicios,2019,97,19,40,61,54
Fundary,Mexico,Manufactura,2019,32,11,28,26,24
Garantias Comunitarias,Colombia,Manufactura,2019,28,65,22,14,32
GCS International,RLA,Servicios,2018,53,52,,,
GCS International,RLA,Servicios,2019,54,66,22,69,52
GEN Info Rule,Mexico,Tecnologias,2018,19,77,50,3,37
GEN Info Rule,Mexico,Tecnologias,2019,34,85,61,6,46
GeoPagos,Argentina,Financiera,2019,38,28,58,59,45
Geru,Brasil,Tecnologias,2019,66,20,20,69,43
Gesintel,Chile,Tecnologias,2018,95,1,,,
Gesintel,Chile,Tecnologias,2019,97,7,52,17,43
Gestionix,Mexico,Comercio,2018,98,66,26,45,58
Gestionix,Mexico,Comercio,2019,98,76,31,60,66
Get Justo,Chile,Telecom,2019,45,76,98,62,70
Gigamont,RLA,Comercio,2019,59,49,54,78,60
Glebba Investimentos,Brasil,Financiera,2018,24,67,70,35,49
Glebba Investimentos,Brasil,Financiera,2019,28,77,75,50,57
Global 66,Chile,Financiera,2018,40,37,,,
Global 66,Chile,Financiera,2019,46,43,12,93,48
Global Processing S.A.,Argentina,Manufactura,2019,10,8,30,34,20
GlobalPay Solutions,RLA,Servicios,2019,47,33,26,33,34
Go Socket,Colombia,Manufactura,2018,24,11,,,
Go Socket,Colombia,Manufactura,2019,34,12,66,24,34
Goonder,RLA,Telecom,2018,22,39,,,
Goonder,RLA,Telecom,2019,30,45,94,58,56
Gosur,Argentina,Tecnologias,2019,70,33,7,53,40
Grupo Travelex Confidence,Brasil,Comercio,2019,38,40,68,81,56
Grupokonstruir,Argentina,Manufactura,2018,5,73,,,
Grupokonstruir,Argentina,Manufactura,2019,9,80,13,29,32
Guia TIC,Colombia,Servicios,2018,52,74,,,
Guia TIC,Colombia,Servicios,2019,54,77,100,33,66
GuiaBolso,Brasil,Telecom,2019,50,22,73,75,55
Gulungo,Colombia,Servicios,2019,76,6,6,65,38
Gulungo Colombia,Colombia,Tecnologias,2018,89,89,,,
Gulungo Colombia,Colombia,Tecnologias,2019,91,99,90,7,71
Hack Metrix,Chile,Tecnologias,2018,84,49,,,
Hack Metrix,Chile,Tecnologias,2019,89,50,11,79,57
Hello ZUM,Peru,Comercio,2019,49,35,43,60,46
Helpers S.A.C,Peru,Servicios,2019,31,30,51,6,29
Hipoko,Colombia,Comercio,2018,23,44,,,
Hipoko,Colombia,Comercio,2019,31,53,59,49,48
Hipotecario Facil,Chile,Tecnologias,2018,85,6,,,
Hipotecario Facil,Chile,Tecnologias,2019,88,18,92,6,51
Holberton School Colombia,Colombia,Financiera,2019,29,35,85,99,62
Homie,Mexico,Tecnologias,2019,98,65,43,22,57
Hurra Credit,Mexico,Financiera,2018,5,50,61,4,30
Hurra Credit,Mexico,Financiera,2019,18,52,71,17,39
Ibanonline,RLA,Comercio,2018,87,21,,,
Ibanonline,RLA,Comercio,2019,89,28,15,86,54
Ibitt,Chile,Comercio,2019,76,51,27,34,47
iCasas Mexico,Mexico,Comercio,2019,60,81,90,57,72
Ictineo Ptf,Mexico,Comercio,2018,51,22,86,13,43
Ictineo Ptf,Mexico,Comercio,2019,64,22,88,15,47
Id Finance,Mexico,Servicios,2018,22,35,90,12,39
Id Finance,Mexico,Servicios,2019,26,50,94,26,49
IdentityMind Global,Mexico,Comercio,2019,12,9,48,91,40
IDwall,Brasil,Manufactura,2019,78,66,26,65,58
iFood,Brasil,Telecom,2018,18,5,78,39,35
iFood,Brasil,Telecom,2019,20,6,82,49,39
Ignis Ventas,Peru,Manufactura,2018,90,5,,,
Ignis Ventas,Peru,Manufactura,2019,94,6,14,97,52
iKiwi,Argentina,Telecom,2019,93,80,63,94,82
ILB Company,Chile,Manufactura,2019,15,97,81,35,57
Imagine XYZ,RLA,Servicios,2018,49,6,,,
Imagine XYZ,RLA,Servicios,2019,56,17,62,73,52
Imix,Colombia,Comercio,2018,39,54,,,
Imix,Colombia,Comercio,2019,39,62,49,73,55
Impesa,RLA,Comercio,2019,66,35,84,8,48
Impulso Crediticio,Mexico,Manufactura,2019,58,17,13,34,30
Incapital Inversiones y Capitales,Peru,Financiera,2018,23,50,,,
Incapital Inversiones y Capitales,Peru,Financiera,2019,26,51,40,6,30
Incluirtec,Colombia,Financiera,2018,19,51,,,
Incluirtec,Colombia,Financiera,2019,34,60,82,89,66
Increase,Argentina,Manufactura,2019,16,12,81,44,38
Increasecard,Argentina,Manufactura,2019,84,16,63,46,52
Independencia,Peru,Telecom,2018,92,18,,,
Independencia,Peru,Telecom,2019,94,33,24,77,57
Infocorp,RLA,Telecom,2018,85,28,,,
Infocorp,RLA,Telecom,2019,89,32,25,60,51
Ingage Digital,Brasil,Tecnologias,2019,24,81,21,63,47
Iniciativas Empreendedoras,Brasil,Comercio,2019,65,74,34,13,46
Inka Labs,Peru,Tecnologias,2018,20,4,,,
Inka Labs,Peru,Tecnologias,2019,25,12,8,91,34
INNKU,Mexico,Telecom,2018,53,12,90,2,39
INNKU,Mexico,Telecom,2019,65,19,90,15,47
Innova Factoring,Peru,Manufactura,2019,23,71,12,32,34
Instapago,RLA,Comercio,2019,96,60,29,89,68
Inteligencia Capital,Mexico,Financiera,2018,10,52,92,86,60
Inteligencia Capital,Mexico,Financiera,2019,22,56,94,99,67
Intiza,Argentina,Financiera,2018,75,58,,,
Intiza,Argentina,Financiera,2019,75,62,90,67,73
Intrades,Colombia    ,Comercio,2019,37,57,93,94,70
Inversionate,RLA,Servicios,2019,23,8,22,17,17
Inverspot,Mexico,Tecnologias,2018,73,5,5,25,27
Inverspot,Mexico,Tecnologias,2019,84,6,9,30,32
Invest Latam,Colombia,Telecom,2018,40,80,,,
Invest Latam,Colombia,Telecom,2019,51,93,50,9,50
Invierte Con Expertos,Mexico,Telecom,2019,80,50,33,91,63
Invoop,Brasil,Telecom,2019,7,24,67,30,32
Invuelto,Argentina,Manufactura,2018,14,71,,,
Invuelto,Argentina,Manufactura,2019,24,73,37,88,55
Ionix,Chile,Telecom,2018,74,95,,,
Ionix,Chile,Telecom,2019,79,98,44,37,64
IOV Labs,Argentina,Financiera,2019,70,75,92,51,72
Iproveedor,Colombia,Servicios,2019,22,95,79,79,68
IS2B,Brasil,Financiera,2018,36,77,1,43,39
IS2B,Brasil,Financiera,2019,49,80,12,47,47
ISF,Brasil,Telecom,2018,77,38,24,91,57
ISF,Brasil,Telecom,2019,92,53,27,91,65
IT Process SpA,Chile,Manufactura,2019,97,60,44,65,66
iUCollect,Colombia,Tecnologias,2019,31,36,70,72,52
Ixpandit,Argentina,Servicios,2018,73,5,,,
Ixpandit,Argentina,Servicios,2019,79,11,47,57,48
iZettle,Brasil,Telecom,2018,43,97,4,27,42
iZettle,Brasil,Telecom,2019,56,97,10,36,49
Jeitto,Brasil,Comercio,2019,51,30,20,98,49
Jobecam,Brasil,Financiera,2019,70,93,48,100,77
Jooycar,Chile,Telecom,2018,24,27,,,
Jooycar,Chile,Telecom,2019,37,29,47,94,51
Juros Baixos,Brasil,Telecom,2018,36,1,66,27,32
Juros Baixos,Brasil,Telecom,2019,50,11,66,34,40
JustClick Media,Brasil,Servicios,2019,92,21,16,69,49
Kambista,Peru,Telecom,2019,26,90,96,12,56
Kapital Zocial,Peru,Tecnologias,2018,86,17,,,
Kapital Zocial,Peru,Tecnologias,2019,93,22,68,66,62
Kapitalizalo,Mexico,Financiera,2018,22,39,28,37,31
Kapitalizalo,Mexico,Financiera,2019,27,46,41,43,39
Kashio,Peru    ,Financiera,2019,59,63,69,32,55
Kavod Lending,Brasil,Manufactura,2019,97,34,6,66,50
KeroGrana,Brasil,Telecom,2018,82,62,62,23,57
KeroGrana,Brasil,Telecom,2019,94,77,73,28,68
Key Ex,Peru,Telecom,2018,31,58,,,
Key Ex,Peru,Telecom,2019,39,72,60,78,62
Khipu,Chile,Comercio,2019,73,22,51,61,51
Kickante,Brasil,Telecom,2019,45,93,81,37,64
Klustera,Mexico,Servicios,2018,42,84,34,59,54
Klustera,Mexico,Servicios,2019,56,98,48,61,65
Koibanx,RLA,Financiera,2018,7,63,,,
Koibanx,RLA,Financiera,2019,7,74,100,51,58
KOIN,Brasil,Telecom,2019,33,88,16,100,59
Konfio,Mexico,Comercio,2019,66,80,46,66,64
Konfront,Mexico,Comercio,2018,81,13,79,16,47
Konfront,Mexico,Comercio,2019,92,23,82,23,55
Konkero,Brasil,Servicios,2018,60,24,53,19,39
Konkero,Brasil,Servicios,2019,69,35,67,29,50
Konsigue,Mexico,Financiera,2019,46,45,85,23,49
Kontigo,Peru,Telecom,2019,69,36,49,27,45
Kovi,Brasil,Manufactura,2018,11,84,8,65,42
Kovi,Brasil,Manufactura,2019,17,88,22,69,49
Kredicity,Mexico,Servicios,2018,15,11,86,49,40
Kredicity,Mexico,Servicios,2019,28,19,96,59,50
Kredito,Chile,Comercio,2019,77,60,81,45,65
Kria,Brasil,Tecnologias,2019,79,80,7,99,66
Kriptos,RLA,Financiera,2018,59,6,,,
Kriptos,RLA,Financiera,2019,68,11,39,74,48
Kuanto,Colombia,Telecom,2018,88,45,,,
Kuanto,Colombia,Telecom,2019,90,58,80,71,74
KUARIX,Mexico,Telecom,2019,32,46,16,81,43
Kubo Financiero,Mexico,Comercio,2019,35,30,83,58,51
Kueski,Mexico,Tecnologias,2018,13,30,61,84,47
Kueski,Mexico,Tecnologias,2019,14,43,61,85,50
Kuiki,RLA,Telecom,2018,31,86,,,
Kuiki,RLA,Telecom,2019,45,86,83,52,66
Kunder,Chile,Financiera,2019,60,41,52,73,56
Kupi,Colombia,Manufactura,2019,31,66,99,63,64
Kushki,Colombia    ,Comercio,2018,22,75,,,
Kushki,Colombia    ,Comercio,2019,24,86,6,68,46
Kuspit,Mexico,Servicios,2018,59,5,75,7,36
Kuspit,Mexico,Servicios,2019,69,8,80,15,43
La Casa es Primero,Mexico,Servicios,2019,12,20,36,45,28
La magica,Peru,Telecom,2019,99,84,63,15,65
La Plataforma,Chile,Telecom,2018,14,36,,,
La Plataforma,Chile,Telecom,2019,25,40,51,51,41
LaHaus,Colombia,Servicios,2018,12,7,,,
LaHaus,Colombia,Servicios,2019,22,8,92,8,32
Lana,Mexico,Comercio,2019,60,82,67,45,63
Latin Fintech,Peru,Manufactura,2019,55,51,22,46,43
Laudox,Peru,Comercio,2018,86,29,,,
Laudox,Peru,Comercio,2019,94,32,55,74,63
Legal Bot,Brasil,Financiera,2018,75,19,74,28,49
Legal Bot,Brasil,Financiera,2019,76,27,81,43,56
LenddoEFL,Mexico,Manufactura,2019,100,18,15,88,55
Lendera,Mexico,Telecom,2019,78,85,6,84,63
Lendico Brasil,Brasil,Telecom,2018,10,88,91,4,48
Lendico Brasil,Brasil,Telecom,2019,20,92,94,5,52
Libera,Colombia,Comercio,2018,38,27,,,
Libera,Colombia,Comercio,2019,38,33,13,90,43
Licita Leasing,Chile,Servicios,2019,57,36,47,86,56
Ligo,Peru,Manufactura,2019,69,25,47,53,48
Linckard,Argentina,Telecom,2018,55,79,,,
Linckard,Argentina,Telecom,2019,56,80,54,96,71
Lineru,Colombia,Telecom,2018,26,63,,,
Lineru,Colombia,Telecom,2019,29,72,29,92,55
Lineup Media Group,Mexico,Servicios,2019,24,69,97,97,71
Linio Group,Mexico,Financiera,2019,47,15,57,70,47
Lleida,Mexico,Telecom,2018,55,38,32,74,49
Lleida,Mexico,Telecom,2019,67,50,47,74,59
Location World,RLA,Tecnologias,2018,45,48,,,
Location World,RLA,Tecnologias,2019,54,53,33,5,36
Loft,Brasil,Financiera,2019,60,90,35,76,65
Loggi,Brasil,Comercio,2019,42,30,7,78,39
Logiety,Mexico,Telecom,2018,85,78,81,20,66
Logiety,Mexico,Telecom,2019,97,90,92,34,78
Logstore,Brasil,Manufactura,2018,91,7,2,65,41
Logstore,Brasil,Manufactura,2019,96,10,15,67,47
Loyalty Refunds,Mexico,Comercio,2019,36,72,60,76,61
Luka,Colombia,Comercio,2019,40,40,69,47,49
Lumbrera,Mexico,Servicios,2018,11,70,65,74,55
Lumbrera,Mexico,Servicios,2019,13,78,67,74,58
Lumni,Colombia,Servicios,2018,12,44,,,
Lumni,Colombia,Servicios,2019,25,54,9,59,36
Lyntik,Colombia,Financiera,2019,84,40,18,71,53
M2CROWD,Mexico,Comercio,2019,35,8,35,99,44
Mach,Chile,Financiera,2018,28,47,,,
Mach,Chile,Financiera,2019,30,49,98,10,46
MadeiraMadeira,Brasil,Comercio,2018,55,73,61,5,48
MadeiraMadeira,Brasil,Comercio,2019,64,83,68,19,58
Magnetis,Brasil,Financiera,2019,13,56,34,65,42
Makers Solutions,Colombia,Tecnologias,2019,7,18,83,26,33
MASS Capital,Mexico,Manufactura,2018,40,88,66,45,59
MASS Capital,Mexico,Manufactura,2019,54,95,78,51,69
MassChallenge Mexico,Mexico,Financiera,2018,88,31,29,8,39
MassChallenge Mexico,Mexico,Financiera,2019,97,35,32,10,43
Mati,Mexico,Manufactura,2019,27,43,12,10,23
Meca,Brasil,Servicios,2019,15,28,87,38,42
mecubro,Argentina,Telecom,2018,41,92,,,
mecubro,Argentina,Telecom,2019,44,99,61,46,62
Media Trends Group,Chile,Servicios,2018,75,42,,,
Media Trends Group,Chile,Servicios,2019,83,46,39,5,43
MelhorCambio.com,Brasil,Manufactura,2019,21,82,25,56,46
Melhortaxa,Brasil,Servicios,2019,77,63,95,5,60
Mensajea,Peru,Tecnologias,2018,84,34,,,
Mensajea,Peru,Tecnologias,2019,88,46,17,71,55
Mercado Bitcoin,Brasil,Financiera,2018,29,20,10,75,33
Mercado Bitcoin,Brasil,Financiera,2019,39,20,25,76,40
Mercado de capitales,Chile,Financiera,2019,100,58,41,94,73
Mercado Libre,Argentina,Financiera,2019,87,59,7,81,58
Mercado Pago,Argentina,Comercio,2018,22,49,,,
Mercado Pago,Argentina,Comercio,2019,25,64,67,93,62
Mercadoni,Colombia,Manufactura,2018,81,82,,,
Mercadoni,Colombia,Manufactura,2019,91,89,52,32,66
Mercados G,Chile,Manufactura,2019,38,8,44,74,41
Mercania,Peru,Tecnologias,2019,40,97,55,27,54
Mercofact,RLA,Telecom,2018,30,24,,,
Mercofact,RLA,Telecom,2019,30,29,35,30,31
Mercos,Brasil,Financiera,2018,58,63,43,69,58
Mercos,Brasil,Financiera,2019,63,65,50,78,64
Mesfix,Colombia,Telecom,2019,59,64,68,71,65
Meus Pedidos,Brasil,Manufactura,2019,47,38,50,14,37
Meus Ynvestimentos,Brasil,Servicios,2018,77,81,30,96,71
Meus Ynvestimentos,Brasil,Servicios,2019,78,91,35,96,75
Mex Pago,Mexico,Tecnologias,2018,70,90,47,96,75
Mex Pago,Mexico,Tecnologias,2019,82,93,53,97,81
Mi Credit Peru,Peru,Financiera,2019,7,65,66,13,37
MiBolsillo,Peru,Servicios,2019,41,40,28,77,46
mibucle,Argentina,Comercio,2018,45,52,,,
mibucle,Argentina,Comercio,2019,49,55,50,31,46
MidPointFX,Peru,Telecom,2018,50,1,,,
MidPointFX,Peru,Telecom,2019,60,14,8,52,33
MiFinanzas,RLA,Telecom,2019,33,58,48,10,37
Mimoni,Mexico,Financiera,2019,78,88,29,86,70
MindMiners,Brasil,Telecom,2018,13,33,52,33,32
MindMiners,Brasil,Telecom,2019,18,46,67,40,42
Minka,Colombia,Manufactura,2018,19,40,,,
Minka,Colombia,Manufactura,2019,22,48,88,81,59
MinniS,Brasil,Manufactura,2019,9,11,36,68,31
minu,Mexico,Tecnologias,2019,86,14,15,86,50
MO Tecnologias,Colombia,Servicios,2018,42,70,,,
MO Tecnologias,Colombia,Servicios,2019,57,79,61,16,53
Mobbex,Argentina,Financiera,2018,31,84,,,
Mobbex,Argentina,Financiera,2019,36,95,5,61,49
MobtionBusiness,RLA,Manufactura,2019,52,25,68,7,38
MODIAX,Brasil,Manufactura,2019,29,84,72,34,54
Monetus,Brasil,Telecom,2018,15,80,10,5,27
Monetus,Brasil,Telecom,2019,21,92,25,7,36
Moni Online,Argentina,Tecnologias,2018,62,35,,,
Moni Online,Argentina,Tecnologias,2019,66,49,83,90,72
Monific,Mexico,Tecnologias,2019,38,64,31,51,46
Monkey Exchange,Brasil,Financiera,2019,15,40,46,47,37
MOON Money Online,Argentina,Tecnologias,2018,57,77,,,
MOON Money Online,Argentina,Tecnologias,2019,63,89,58,100,77
Mooven Consulting,Brasil,Financiera,2018,22,85,44,55,51
Mooven Consulting,Brasil,Financiera,2019,23,93,58,66,60
Motormax,Argentina,Manufactura,2019,25,66,18,10,29
Movii,Colombia,Financiera,2019,89,91,94,39,78
moyoAi,Mexico,Manufactura,2018,89,39,84,61,68
moyoAi,Mexico,Manufactura,2019,96,49,93,62,75
MR Presta,Mexico,Telecom,2018,87,7,27,81,50
MR Presta,Mexico,Telecom,2019,93,8,34,94,57
Msts,Mexico,Telecom,2019,65,52,13,25,38
Multi Caja,Chile,Financiera,2019,50,22,78,70,55
Mundo Pipol,Chile,Telecom,2018,77,31,,,
Mundo Pipol,Chile,Telecom,2019,79,35,24,46,46
Muttual,Mexico,Servicios,2018,43,21,65,12,35
Muttual,Mexico,Servicios,2019,55,33,65,23,44
Mutular,Brasil,Comercio,2019,92,84,55,35,66
Mutuo Financiera,Mexico,Servicios,2019,51,22,18,92,45
MZP TECH,Argentina,Comercio,2018,7,62,,,
MZP TECH,Argentina,Comercio,2019,10,67,95,57,57
N5 Now,Argentina,Financiera,2018,7,91,,,
N5 Now,Argentina,Financiera,2019,16,95,19,85,53
Nabica,Colombia,Telecom,2019,11,88,73,37,52
Nagro,Brasil,Telecom,2019,38,28,45,52,40
Nama,Brasil,Comercio,2018,32,90,32,74,57
Nama,Brasil,Comercio,2019,41,98,34,87,65
NATEXO,Brasil,Telecom,2018,50,98,85,66,74
NATEXO,Brasil,Telecom,2019,56,100,89,72,79
Neogrid,Brasil,Financiera,2019,51,91,20,28,47
Neon,Brasil,Comercio,2019,19,42,87,61,52
Net M,Colombia,Financiera,2018,18,45,,,
Net M,Colombia,Financiera,2019,19,47,78,32,44
Nexoos,Brasil,Telecom,2018,35,56,87,79,64
Nexoos,Brasil,Telecom,2019,42,59,95,80,69
NEXXTO,Brasil,Telecom,2019,33,41,98,23,48
Nibo,Brasil,Telecom,2019,70,89,26,19,51
NOCNOK,Mexico,Comercio,2018,63,80,9,34,46
NOCNOK,Mexico,Comercio,2019,74,91,16,44,56
Novo Payment,Colombia,Financiera,2018,50,4,,,
Novo Payment,Colombia,Financiera,2019,51,11,100,12,43
Nubank,Brasil,Telecom,2019,76,59,74,79,72
Nubox Chile,Chile,Manufactura,2019,71,83,77,14,61
O2OiX,Brasil,Manufactura,2018,10,38,5,18,17
O2OiX,Brasil,Manufactura,2019,11,47,5,22,21
Ocapital,Mexico,Comercio,2018,10,76,13,85,46
Ocapital,Mexico,Comercio,2019,18,80,28,98,56
Oficina Inteligente,Brasil,Comercio,2019,97,28,37,22,46
Oingz,Colombia,Servicios,2019,100,47,50,18,53
Olist,Brasil,Telecom,2018,95,77,29,29,57
Olist,Brasil,Telecom,2019,97,77,35,32,60
Omie,Brasil,Tecnologias,2018,30,19,25,46,30
Omie,Brasil,Tecnologias,2019,38,31,40,53,40
Omnibnk,Colombia,Financiera,2019,62,10,73,40,46
Organizame,Chile,Tecnologias,2019,6,74,71,70,55
Orionx.com,Chile,Servicios,2018,25,69,,,
Orionx.com,Chile,Servicios,2019,33,78,57,88,64
Osayk,Brasil,Manufactura,2018,43,5,72,79,49
Osayk,Brasil,Manufactura,2019,47,5,82,90,56
OSPA,Brasil,Manufactura,2019,89,55,68,61,68
Otimiza Beneficios,Brasil,Comercio,2019,88,42,23,10,40
Outra Coisa,Brasil,Servicios,2018,13,24,38,41,29
Outra Coisa,Brasil,Servicios,2019,19,33,48,56,39
Paga Ya,Chile,Servicios,2018,41,6,,,
Paga Ya,Chile,Servicios,2019,52,14,51,73,47
Pagadespues,Peru,Financiera,2019,69,20,83,44,54
Pagamobil.com,Mexico,Tecnologias,2019,9,42,60,41,38
Paganza,RLA,Tecnologias,2018,46,47,,,
Paganza,RLA,Tecnologias,2019,61,59,39,100,64
Paggi,Peru,Financiera,2018,82,23,,,
Paggi,Peru,Financiera,2019,95,34,88,25,60
Pago 46,Chile,Manufactura,2019,44,49,88,27,52
Pago Facil,Chile,Financiera,2019,51,44,44,67,51
PagoFlash,RLA,Servicios,2018,5,47,,,
PagoFlash,RLA,Servicios,2019,15,61,8,73,39
Pagos 360,Argentina,Comercio,2018,5,70,,,
Pagos 360,Argentina,Comercio,2019,6,76,67,49,49
PagPop,Brasil,Manufactura,2019,30,23,50,47,37
Paprika Marketing Digital,RLA,Financiera,2019,82,62,90,21,63
Par Mais,Brasil,Telecom,2018,78,78,90,36,70
Par Mais,Brasil,Telecom,2019,83,82,99,46,77
PayGol - Worldwide payments,Chile,Servicios,2018,9,68,,,
PayGol - Worldwide payments,Chile,Servicios,2019,15,70,51,91,56
Payit,Mexico,Manufactura,2019,30,37,26,89,45
Payku,Chile,Comercio,2019,70,85,32,63,62
Payllix,Mexico,Servicios,2018,6,73,56,11,36
Payllix,Mexico,Servicios,2019,21,83,70,15,47
Paynom,Mexico,Telecom,2018,34,80,47,68,57
Paynom,Mexico,Telecom,2019,43,94,51,71,64
PayPhone,RLA,Manufactura,2019,12,51,24,38,31
PaySur,Argentina,Tecnologias,2019,40,85,14,68,51
Paytech Holding,Chile,Tecnologias,2018,86,45,,,
Paytech Holding,Chile,Tecnologias,2019,95,55,5,78,58
PayU,Colombia    ,Servicios,2018,4,68,,,
PayU,Colombia    ,Servicios,2019,5,82,64,55,51
Payvalida,Colombia,Servicios,2019,40,72,23,37,43
PedidosYa,RLA,Manufactura,2019,49,54,68,12,45
People Tech,Colombia,Telecom,2018,58,22,,,
People Tech,Colombia,Telecom,2019,62,32,65,42,50
Pesp,Mexico,Telecom,2018,70,6,16,62,38
Pesp,Mexico,Telecom,2019,70,16,21,66,43
PH3A,Brasil,Tecnologias,2019,46,98,80,22,61
Pilgrims Game Studio,Argentina,Comercio,2019,71,25,51,48,48
Pipefy,Brasil,Comercio,2018,68,40,76,84,67
Pipefy,Brasil,Comercio,2019,70,51,79,88,72
PlacetoPay,Colombia,Comercio,2018,14,88,,,
PlacetoPay,Colombia,Comercio,2019,17,98,81,7,50
Plant Scanner,Brasil,Servicios,2019,85,85,31,54,63
Platiti,Colombia,Financiera,2019,88,79,39,74,70
Play Business,Mexico,Telecom,2018,52,59,32,46,47
Play Business,Mexico,Telecom,2019,55,71,46,61,58
Pm2,Mexico,Servicios,2018,44,30,39,90,50
Pm2,Mexico,Servicios,2019,58,37,42,93,57
Poincenot,Argentina,Manufactura,2019,30,70,18,34,38
Poincenot Technology Studio,Argentina,Tecnologias,2019,52,97,62,83,73
Polygon Fintech,Mexico,Comercio,2018,56,21,87,67,57
Polygon Fintech,Mexico,Comercio,2019,68,25,97,72,65
Polymath Ventures,Colombia,Servicios,2018,5,32,,,
Polymath Ventures,Colombia,Servicios,2019,5,45,15,56,30
Portafolio personal inversiones,Argentina,Telecom,2019,35,71,43,63,53
Power Influencer,Chile,Tecnologias,2019,45,98,90,49,70
Powwi,Colombia,Servicios,2018,55,48,,,
Powwi,Colombia,Servicios,2019,67,51,26,36,45
PPAP Manager Corporation,Mexico,Tecnologias,2018,57,16,76,81,57
PPAP Manager Corporation,Mexico,Tecnologias,2019,61,28,86,90,66
Prana Group MX,Mexico,Financiera,2019,97,41,71,45,63
Presta Gente,Colombia,Tecnologias,2019,84,92,21,38,58
Prestamos 24,Chile,Financiera,2018,21,54,,,
Prestamos 24,Chile,Financiera,2019,30,54,67,33,46
Prestamos en un Click,Mexico,Comercio,2018,2,29,81,66,44
Prestamos en un Click,Mexico,Comercio,2019,16,43,83,70,53
Prestamype,Peru,Servicios,2019,38,72,79,34,55
Prezzta,RLA,Telecom,2019,28,93,14,91,56
Prometeo,RLA,Comercio,2018,43,20,,,
Prometeo,RLA,Comercio,2019,50,29,61,41,45
Promologistics S.A. de C.V.,Mexico,Manufactura,2018,86,27,82,36,57
Promologistics S.A. de C.V.,Mexico,Manufactura,2019,99,38,82,48,66
Pronto!,RLA,Tecnologias,2019,14,40,57,83,48
Propeler,Mexico,Tecnologias,2019,27,58,75,85,61
Prosol,Colombia,Manufactura,2018,24,61,,,
Prosol,Colombia,Manufactura,2019,30,61,20,91,50
Punto Com Rent,Peru,Telecom,2018,66,59,,,
Punto Com Rent,Peru,Telecom,2019,67,59,25,84,58
Punto Red,Colombia,Servicios,2019,100,34,48,86,67
Punto Rojo,Argentina,Tecnologias,2019,5,34,81,85,51
Punto Total,Chile,Telecom,2018,41,66,,,
Punto Total,Chile,Telecom,2019,51,73,9,88,55
Qpaypro,RLA,Telecom,2018,53,89,,,
Qpaypro,RLA,Telecom,2019,67,92,40,15,53
Quanto,Brasil,Tecnologias,2019,7,68,91,11,44
Quantum X,Chile,Tecnologias,2019,83,98,88,89,89
QueroQuitar,Brasil,Telecom,2018,24,38,89,1,38
QueroQuitar,Brasil,Telecom,2019,24,53,89,11,44
Quincen Lana,Mexico,Manufactura,2018,78,7,23,56,41
Quincen Lana,Mexico,Manufactura,2019,89,5,34,64,48
QuintoAndar,Brasil,Manufactura,2019,20,58,33,75,46
Quotanda,Mexico,Manufactura,2019,72,27,44,70,53
Qvo,Chile,Manufactura,2018,68,73,,,
Qvo,Chile,Manufactura,2019,79,80,10,9,44
R5,Colombia,Telecom,2018,52,70,,,
R5,Colombia,Telecom,2019,60,84,28,50,55
Radix Wealth Care,RLA,Comercio,2019,54,61,90,90,73
Raffcom,Brasil,Tecnologias,2019,75,92,31,15,53
Rapicredito,Argentina,Comercio,2018,44,32,,,
Rapicredito,Argentina,Comercio,2019,53,45,35,40,43
Rappi,Colombia,Comercio,2018,85,60,,,
Rappi,Colombia,Comercio,2019,86,62,10,64,55
Real Trends,Argentina,Comercio,2019,42,9,68,26,36
Realcred,Argentina,Servicios,2019,26,33,33,32,31
RecargaPay,Brasil,Servicios,2018,19,68,58,55,50
RecargaPay,Brasil,Servicios,2019,32,83,59,70,61
Recaudia,Mexico,Servicios,2018,46,1,1,53,25
Recaudia,Mexico,Servicios,2019,48,6,13,66,33
Red Capital,Chile,Financiera,2019,69,35,78,92,68
Red Kobra,Mexico,Manufactura,2019,28,62,20,85,48
Redelcom,Chile,Manufactura,2018,51,26,,,
Redelcom,Chile,Manufactura,2019,64,29,99,6,49
Redpoint eventures,Brasil,Financiera,2018,62,76,57,19,53
Redpoint eventures,Brasil,Financiera,2019,75,77,72,20,61
ReFrame CL,Chile,Comercio,2019,7,86,27,31,37
Regtech Legal Advice,Mexico,Manufactura,2019,7,94,17,82,50
Regum,RLA,Manufactura,2018,5,33,,,
Regum,RLA,Manufactura,2019,5,41,34,76,39
Rentdis,Mexico,Financiera,2018,12,88,62,22,46
Rentdis,Mexico,Financiera,2019,25,88,64,30,51
Replika,Brasil,Tecnologias,2019,99,94,92,73,89
Representame,Chile,Comercio,2019,83,69,49,37,59
Resuelve tu Deuda,Mexico,Manufactura,2018,71,5,33,73,45
Resuelve tu Deuda,Mexico,Manufactura,2019,83,15,43,82,55
Resultados Dititais,Brasil,Financiera,2018,43,24,87,60,53
Resultados Dititais,Brasil,Financiera,2019,46,38,97,63,61
Rextie,Peru,Servicios,2019,36,71,43,8,39
Rinde Gastos,Chile,Financiera,2019,5,63,50,59,44
Ripio,Argentina,Servicios,2018,47,26,,,
Ripio,Argentina,Servicios,2019,55,34,24,61,43
Rocket.la,Mexico,Comercio,2018,79,28,43,52,50
Rocket.la,Mexico,Comercio,2019,88,30,43,60,55
Rocktech,Mexico,Manufactura,2019,13,78,43,96,57
Rufi,Mexico,Comercio,2019,46,52,26,67,47
Rundeck Latam,Chile,Financiera,2018,32,12,,,
Rundeck Latam,Chile,Financiera,2019,47,18,7,93,41
Ruvix,Chile,Manufactura,2018,65,10,,,
Ruvix,Chile,Manufactura,2019,68,21,34,12,33
S4,Argentina,Servicios,2019,5,86,29,18,34
Saldo,Mexico,Financiera,2019,57,18,62,59,49
SASI,Mexico,Manufactura,2018,38,62,35,59,48
SASI,Mexico,Manufactura,2019,38,63,41,64,51
Se Socio,Chile,Telecom,2018,18,4,,,
Se Socio,Chile,Telecom,2019,21,5,67,66,39
SecSignal,Chile,Servicios,2019,79,91,29,21,55
SeguriData,Mexico,Comercio,2019,40,24,47,64,43
Seguro Canguro,Colombia,Comercio,2018,82,33,,,
Seguro Canguro,Colombia,Comercio,2019,93,42,66,100,75
SeguroSimple,Mexico,Telecom,2018,81,98,77,94,87
SeguroSimple,Mexico,Telecom,2019,95,100,78,94,91
Sempli,Colombia,Comercio,2019,79,45,82,93,74
Sensix Agro,Brasil,Manufactura,2019,74,9,47,5,33
SeSocio.com,Argentina,Manufactura,2018,4,22,,,
SeSocio.com,Argentina,Manufactura,2019,19,37,11,32,24
Siembro,Argentina,Manufactura,2018,23,28,,,
Siembro,Argentina,Manufactura,2019,36,31,61,82,52
Siigo,Colombia,Financiera,2019,43,86,49,72,62
Simetrik,Colombia,Comercio,2019,78,78,66,6,57
Simple DTE,Chile,Manufactura,2018,41,18,,,
Simple DTE,Chile,Manufactura,2019,48,20,71,60,49
Sin Delantal,Mexico,Manufactura,2018,41,5,87,62,48
Sin Delantal,Mexico,Manufactura,2019,49,5,89,74,54
Singular Banking,Chile,Servicios,2019,55,31,35,39,40
Sistemas ESCO S.A.,Argentina,Financiera,2019,59,78,32,13,45
SIX DEGREES IT,Colombia,Tecnologias,2018,65,6,,,
SIX DEGREES IT,Colombia,Tecnologias,2019,75,14,13,100,50
Smart Lending,Mexico,Servicios,2018,54,66,5,4,32
Smart Lending,Mexico,Servicios,2019,69,71,7,6,38
SMU Investimentos,Brasil,Financiera,2019,87,33,90,15,56
Socialneed,RLA,Comercio,2019,6,42,87,26,40
Sofila,Peru,Financiera,2018,54,55,,,
Sofila,Peru,Financiera,2019,64,64,34,29,47
Solven,Peru,Manufactura,2018,77,7,,,
Solven,Peru,Manufactura,2019,84,7,62,79,58
Solventa,Argentina,Tecnologias,2019,55,20,68,40,45
SrPago,Mexico,Servicios,2019,12,96,30,53,47
Stone,Brasil,Servicios,2018,6,9,39,73,31
Stone,Brasil,Servicios,2019,6,16,40,73,33
Sube Agencia Digital,Mexico,Financiera,2018,65,68,59,12,51
Sube Agencia Digital,Mexico,Financiera,2019,67,76,60,19,55
Sumar Inversion,Argentina,Manufactura,2019,27,45,33,85,47
Suppliercard,Brasil,Tecnologias,2019,49,56,62,82,62
Suyo,Colombia,Comercio,2018,89,13,,,
Suyo,Colombia,Comercio,2019,99,13,23,100,58
Swap,Mexico,Comercio,2018,5,75,57,5,35
Swap,Mexico,Comercio,2019,5,89,70,17,45
Sweet Pay,Chile,Servicios,2019,14,17,34,79,36
Synapbox,Mexico,Manufactura,2019,98,82,36,31,61
Syncromind,Argentina,Manufactura,2018,55,7,,,
Syncromind,Argentina,Manufactura,2019,64,11,22,7,26
TACODE MX,Mexico,Financiera,2018,61,68,7,2,34
TACODE MX,Mexico,Financiera,2019,62,71,13,13,39
Tala,Mexico,Servicios,2019,9,46,41,13,27
Tappoyo,Peru,Tecnologias,2019,29,64,13,49,38
Tasa Top,Peru,Comercio,2018,75,36,,,
Tasa Top,Peru,Comercio,2019,75,37,23,98,58
Taximo,Colombia,Manufactura,2018,31,86,,,
Taximo,Colombia,Manufactura,2019,31,87,31,14,40
Team Quality,Argentina,Tecnologias,2019,85,49,24,47,51
Teca,Colombia,Servicios,2019,72,46,94,38,62
Technisys,Mexico,Financiera,2018,57,85,39,67,62
Technisys,Mexico,Financiera,2019,59,86,40,81,66
Tecnopuc,Brasil,Servicios,2018,64,75,56,62,64
Tecnopuc,Brasil,Servicios,2019,76,75,57,73,70
TekBees,Colombia,Financiera,2019,47,94,61,99,75
TerraMagna,Brasil,Manufactura,2019,20,39,47,6,28
Tiaxa,Mexico,Manufactura,2018,23,9,91,8,32
Tiaxa,Mexico,Manufactura,2019,26,11,100,23,40
Tienda Pago,Mexico,Financiera,2018,15,6,77,76,43
Tienda Pago,Mexico,Financiera,2019,28,8,80,77,48
Tika,Chile,Manufactura,2019,46,62,74,68,62
tinkinOne,RLA,Manufactura,2019,41,6,84,89,55
Tkambio,Peru,Telecom,2018,16,65,,,
Tkambio,Peru,Telecom,2019,25,77,77,26,51
Toc Biometrics,Peru,Financiera,2018,76,42,,,
Toc Biometrics,Peru,Financiera,2019,79,50,17,27,43
Todito Cash,Mexico,Manufactura,2019,35,29,28,55,36
Toka,Mexico,Manufactura,2019,46,66,15,31,39
Tolk,Mexico,Financiera,2018,48,65,44,29,46
Tolk,Mexico,Financiera,2019,56,77,50,38,55
TouchesBegan,Mexico,Tecnologias,2018,74,26,18,61,44
TouchesBegan,Mexico,Tecnologias,2019,83,37,20,70,52
TowerTech,Colombia,Servicios,2019,8,33,32,73,36
Tpaga,Mexico,Tecnologias,2019,85,95,82,83,86
Tranqui,Colombia,Servicios,2018,18,14,,,
Tranqui,Colombia,Servicios,2019,32,26,9,58,31
Transfer,Mexico,Servicios,2018,64,36,82,76,64
Transfer,Mexico,Servicios,2019,79,45,97,90,77
Transfiriendo,Colombia,Manufactura,2019,14,99,71,5,47
Trax Retail,Brasil,Servicios,2019,66,40,13,31,37
Treasy,Brasil,Comercio,2018,34,30,33,86,45
Treasy,Brasil,Comercio,2019,45,40,40,89,53
Tributi,Colombia,Manufactura,2018,13,22,,,
Tributi,Colombia,Manufactura,2019,22,33,10,27,23
Trigg Brasil,Brasil,Tecnologias,2019,80,41,90,69,70
Trii,Brasil,Tecnologias,2019,44,46,96,55,60
triunfei.com,Brasil,Servicios,2018,73,75,7,67,55
triunfei.com,Brasil,Servicios,2019,85,89,12,80,66
Troopa,Argentina,Telecom,2018,73,24,,,
Troopa,Argentina,Telecom,2019,81,39,63,87,67
Trueki,Peru,Servicios,2019,41,97,34,13,46
Tu Identidad,Mexico,Comercio,2019,31,86,38,98,63
TuCambista,Peru,Financiera,2018,3,73,,,
TuCambista,Peru,Financiera,2019,14,80,61,26,45
Tudecide.com,Mexico,Manufactura,2018,15,25,37,34,27
Tudecide.com,Mexico,Manufactura,2019,23,28,50,45,36
Tukuy,Peru,Financiera,2019,19,35,59,99,53
Tukuy Club,Peru,Manufactura,2019,44,85,88,38,63
U Payments,Chile,Telecom,2018,57,90,,,
U Payments,Chile,Telecom,2019,70,99,56,55,70
Uala,Argentina,Servicios,2018,35,5,,,
Uala,Argentina,Servicios,2019,42,7,39,73,40
Ualet,Colombia,Manufactura,2019,32,55,39,89,53
Ubank,Mexico,Tecnologias,2019,73,65,87,7,58
UBCubo,Mexico,Servicios,2018,40,80,1,71,48
UBCubo,Mexico,Servicios,2019,46,90,13,72,55
Ubii Pagos,RLA,Comercio,2018,28,9,,,
Ubii Pagos,RLA,Comercio,2019,37,22,95,50,51
Unafin,RLA,Tecnologias,2019,39,52,84,43,54
UnDosTres,Mexico,Comercio,2019,88,21,40,34,45
UNIKO,Mexico,Comercio,2018,62,45,58,29,48
UNIKO,Mexico,Comercio,2019,63,52,72,35,55
Unosquare,Mexico,Manufactura,2018,46,36,48,60,47
Unosquare,Mexico,Manufactura,2019,50,47,58,60,53
UPAX,Mexico,Telecom,2019,6,20,30,80,34
Uppercap,Chile,Servicios,2019,34,61,59,71,56
Vaki,Colombia,Servicios,2018,23,42,,,
Vaki,Colombia,Servicios,2019,36,52,13,86,46
Vakinha Internet,Brasil,Tecnologias,2018,48,5,42,83,44
Vakinha Internet,Brasil,Tecnologias,2019,59,12,44,84,49
Valiu,Colombia,Manufactura,2019,12,34,80,9,33
Variacode,Chile,Financiera,2019,94,36,96,20,61
Veri Tran,Chile,Financiera,2018,22,71,,,
Veri Tran,Chile,Financiera,2019,33,73,46,83,58
Verios Investimentos,Brasil,Tecnologias,2018,58,47,98,7,52
Verios Investimentos,Brasil,Tecnologias,2019,67,61,100,11,59
Vindi,Brasil,Servicios,2019,99,9,63,13,46
VIPPO,RLA,Financiera,2019,86,63,37,36,55
Virtual Pos,Chile,Servicios,2018,61,20,,,
Virtual Pos,Chile,Servicios,2019,69,24,26,62,45
Visoor,Mexico,Financiera,2018,86,6,49,5,36
Visoor,Mexico,Financiera,2019,99,18,59,5,45
Visor ADL,Mexico,Telecom,2019,61,74,97,83,78
Volabit,Mexico,Financiera,2019,36,95,65,83,69
VU Security,Argentina,Telecom,2018,79,15,,,
VU Security,Argentina,Telecom,2019,88,24,19,52,45
Waki,Peru,Manufactura,2018,31,5,,,
Waki,Peru,Manufactura,2019,42,8,70,64,46
WAN Tecnologia,Brasil,Manufactura,2019,59,65,42,97,65
Warren Brasil,Brasil,Manufactura,2019,58,32,17,26,33
Waynicoin,Argentina,Manufactura,2018,33,11,,,
Waynicoin,Argentina,Manufactura,2019,44,16,80,86,56
Wayra,Brasil,Comercio,2018,19,16,88,14,34
Wayra,Brasil,Comercio,2019,23,16,99,25,40
WCORE,Brasil,Comercio,2019,94,59,30,89,68
WeeCompany,Mexico,Manufactura,2019,68,15,10,44,34
Wikiplata,Colombia,Telecom,2018,72,73,,,
Wikiplata,Colombia,Telecom,2019,82,78,76,28,66
Wilab,Argentina,Servicios,2018,73,39,,,
Wilab,Argentina,Servicios,2019,74,39,19,61,48
Wilobank,Argentina,Tecnologias,2019,7,5,89,59,40
Wize Line,Mexico,Comercio,2019,44,14,80,99,59
Wuabi,Argentina,Comercio,2018,13,89,,,
Wuabi,Argentina,Comercio,2019,27,97,69,66,64
Xerpa,Brasil,Financiera,2018,68,30,61,70,57
Xerpa,Brasil,Financiera,2019,69,38,69,82,64
Xhash,Mexico,Comercio,2019,58,36,91,41,56
XMultas,Brasil,Servicios,2019,40,47,6,54,36
Xpectare,Mexico,Manufactura,2018,47,19,1,36,25
Xpectare,Mexico,Manufactura,2019,48,19,11,38,29
Xubio,Argentina,Tecnologias,2018,24,26,,,
Xubio,Argentina,Tecnologias,2019,36,34,83,78,57
Yecas,Argentina,Manufactura,2019,68,48,23,5,36
YOIN App,Mexico,Tecnologias,2019,41,9,100,67,54
yotepresto.com,Mexico,Manufactura,2018,58,9,37,65,42
yotepresto.com,Mexico,Manufactura,2019,58,12,48,73,47
Zest Capital,Peru,Telecom,2018,75,20,,,
Zest Capital,Peru,Telecom,2019,79,22,55,62,54
Zinobe,Colombia,Telecom,2019,23,87,36,86,58
Zoop,Brasil,Tecnologias,2018,13,42,91,88,58
Zoop,Brasil,Tecnologias,2019,24,55,99,89,66
AlmaFintech,Argentina,Comercio,2020,86,39,50,30,51
Alquilando.com,Argentina,Comercio,2020,59,53,73,7,48
Contagram,Argentina,Comercio,2020,49,31,36,17,33
Mercado Pago,Argentina,Comercio,2020,24,69,72,90,63
mibucle,Argentina,Comercio,2020,49,54,53,32,47
MZP TECH,Argentina,Comercio,2020,12,69,95,58,58
Pagos 360,Argentina,Comercio,2020,1,72,65,46,46
ASSIPI,Brasil,Comercio,2020,41,20,62,75,49
Basement,Brasil,Comercio,2020,88,87,3,100,69
BLU365,Brasil,Comercio,2020,82,72,30,78,65
CloudWalk,Brasil,Comercio,2020,17,39,52,56,41
co2in,Brasil,Comercio,2020,13,11,65,76,41
Cubo333,Brasil,Comercio,2020,25,97,35,41,49
EASYCReDITO,Brasil,Comercio,2020,45,94,46,99,71
Iniciativas Empreendedoras,Brasil,Comercio,2020,68,77,31,15,47
Jeitto,Brasil,Comercio,2020,49,30,22,97,49
Mutular,Brasil,Comercio,2020,95,81,53,40,67
Neon,Brasil,Comercio,2020,17,39,86,57,49
Otimiza Beneficios,Brasil,Comercio,2020,93,46,26,8,43
Treasy,Brasil,Comercio,2020,49,36,43,92,55
Wayra,Brasil,Comercio,2020,28,15,100,23,41
WCORE,Brasil,Comercio,2020,91,54,28,87,65
Colektia,Chile,Comercio,2020,85,73,47,78,70
Destacame,Chile,Comercio,2020,90,50,52,47,59
Flow,Chile,Comercio,2020,57,59,96,95,76
Ibitt,Chile,Comercio,2020,71,48,28,38,46
ReFrame CL,Chile,Comercio,2020,7,85,26,30,37
Representame,Chile,Comercio,2020,85,66,51,38,60
Macrofood,Chile,Comercio,2020,43,37,81,86,61
123 Seguro,Colombia,Comercio,2020,44,67,42,15,42
Arma tu Vaca,Colombia,Comercio,2020,56,78,75,3,53
eCollect,Colombia,Comercio,2020,67,19,21,60,41
Hipoko,Colombia,Comercio,2020,35,56,54,54,49
Libera,Colombia,Comercio,2020,43,31,15,88,44
Luka,Colombia,Comercio,2020,41,37,67,47,48
Sempli,Colombia,Comercio,2020,75,43,78,95,72
Simetrik,Colombia,Comercio,2020,83,79,62,3,56
Suyo,Colombia,Comercio,2020,96,8,26,96,56
Carvajal TyS,Colombia,Comercio,2020,82,36,18,40,44
Movistar,Colombia,Comercio,2020,57,58,61,11,46
Kushki,Colombia    ,Comercio,2020,24,83,7,68,45
CNT,RLA,Comercio,2020,16,26,65,10,29
Universidad Andina Simon Bolivar,RLA,Comercio,2020,75,82,80,81,79
Claro,RLA,Comercio,2020,65,67,80,75,71
Banco de Occidente,RLA,Comercio,2020,70,71,23,53,54
ArkusNexus,Mexico,Comercio,2020,20,55,23,63,40
Contabilizate.com,Mexico,Comercio,2020,39,51,13,93,49
Dividendee,Mexico,Comercio,2020,48,93,59,46,61
eFactor Network,Mexico,Comercio,2020,17,94,63,49,55
El 20,Mexico,Comercio,2020,50,14,37,68,42
Facturama,Mexico,Comercio,2020,46,47,6,46,36
FINGAME,Mexico,Comercio,2020,96,14,51,73,58
FLY CAPITAL,Mexico,Comercio,2020,30,75,66,73,61
iCasas Mexico,Mexico,Comercio,2020,57,80,88,55,70
IdentityMind Global,Mexico,Comercio,2020,9,13,47,90,39
Konfront,Mexico,Comercio,2020,94,26,87,25,58
Kubo Financiero,Mexico,Comercio,2020,38,25,82,63,52
Loyalty Refunds,Mexico,Comercio,2020,38,71,57,73,59
NOCNOK,Mexico,Comercio,2020,72,88,15,41,54
Polygon Fintech,Mexico,Comercio,2020,70,29,100,67,66
Prestamos en un Click,Mexico,Comercio,2020,19,42,81,69,52
Rocket.la,Mexico,Comercio,2020,89,28,48,56,55
Rufi,Mexico,Comercio,2020,49,53,26,66,48
SeguriData,Mexico,Comercio,2020,40,27,45,60,43
Swap,Mexico,Comercio,2020,4,87,66,19,44
Tu Identidad,Mexico,Comercio,2020,31,81,35,100,61
UNIKO,Mexico,Comercio,2020,63,48,68,38,54
Wize Line,Mexico,Comercio,2020,45,12,81,95,58
Arteria Comunicaciones,Mexico,Comercio,2020,14,39,70,74,49
Instituto del Fondo Nacional de la Vivienda,Mexico,Comercio,2020,22,29,53,36,35
Muebles Dico,Mexico,Comercio,2020,22,20,42,19,25
Possehl,Mexico,Comercio,2020,88,38,36,66,57
Presidencia Municipal Apaxco,Mexico,Comercio,2020,90,34,89,30,60
Banco Delta,RLA,Comercio,2020,48,75,88,48,64
Banco Delta,RLA,Comercio,2020,67,88,73,42,67
Hello ZUM,Peru,Comercio,2020,54,37,38,60,47
Red de Energia del Peru,Peru,Comercio,2020,77,59,42,59,59
Dvdendo,RLA,Comercio,2020,43,47,25,82,49
Ibanonline,RLA,Comercio,2020,89,26,17,86,54
Impesa,RLA,Comercio,2020,61,33,83,9,46
Instapago,RLA,Comercio,2020,96,60,24,94,68
Ubii Pagos,RLA,Comercio,2020,36,25,90,54,51
Bull Market Brokers,Argentina,Financiera,2020,81,81,29,95,71
Credicuotas,Argentina,Financiera,2020,59,70,21,93,60
Crowdium,Argentina,Financiera,2020,100,59,94,36,72
Intiza,Argentina,Financiera,2020,71,62,86,64,70
IOV Labs,Argentina,Financiera,2020,67,76,91,46,70
Mercado Libre,Argentina,Financiera,2020,88,64,5,80,59
N5 Now,Argentina,Financiera,2020,14,97,17,80,52
Sistemas ESCO S.A.,Argentina,Financiera,2020,60,76,30,16,45
Arcos Dorados,Argentina,Financiera,2020,89,81,57,78,76
CEOSA,Argentina,Financiera,2020,76,27,10,22,33
ACO,Brasil,Financiera,2020,39,70,43,94,61
Adianta,Brasil,Financiera,2020,76,29,18,14,34
Astro Asset,Brasil,Financiera,2020,34,76,78,82,67
Bit.One,Brasil,Financiera,2020,19,100,91,90,75
Datapedia,Brasil,Financiera,2020,59,30,14,35,34
DEUcredito,Brasil,Financiera,2020,86,36,96,88,76
EWALLY,Brasil,Financiera,2020,50,67,63,80,65
Foxbit,Brasil,Financiera,2020,100,12,73,33,54
Glebba Investimentos,Brasil,Financiera,2020,33,79,75,45,58
IS2B,Brasil,Financiera,2020,49,80,16,43,47
Jobecam,Brasil,Financiera,2020,75,92,52,97,79
Legal Bot,Brasil,Financiera,2020,73,22,82,42,54
Loft,Brasil,Financiera,2020,58,91,35,80,66
Mercado Bitcoin,Brasil,Financiera,2020,38,15,27,76,39
Mercos,Brasil,Financiera,2020,60,63,55,79,64
Monkey Exchange,Brasil,Financiera,2020,13,45,51,44,38
Mooven Consulting,Brasil,Financiera,2020,27,93,61,67,62
Resultados Dititais,Brasil,Financiera,2020,44,37,95,59,58
SMU Investimentos,Brasil,Financiera,2020,85,35,90,11,55
Xerpa,Brasil,Financiera,2020,64,43,71,86,66
BeCual,Chile,Financiera,2020,58,72,63,65,64
Destacame.cl,Chile,Financiera,2020,16,70,37,37,40
Global 66,Chile,Financiera,2020,46,38,16,96,49
Kunder,Chile,Financiera,2020,57,36,56,72,55
Mach,Chile,Financiera,2020,34,50,97,12,48
Mercado de capitales,Chile,Financiera,2020,100,63,36,98,74
Multi Caja,Chile,Financiera,2020,51,25,74,68,54
Pago Facil,Chile,Financiera,2020,50,40,49,70,52
Red Capital,Chile,Financiera,2020,68,35,74,88,66
Variacode,Chile,Financiera,2020,97,35,93,19,61
Busqo,Colombia,Financiera,2020,83,30,36,44,48
Collect Pay,Colombia,Financiera,2020,65,13,66,54,49
Contrato Marco,Colombia,Financiera,2020,17,77,100,19,53
Daexs,Colombia,Financiera,2020,10,19,44,89,40
ENTRENAMIENTO CEREBRAL,Colombia,Financiera,2020,11,79,41,85,54
Fiesta,Colombia,Financiera,2020,70,8,46,43,41
Holberton School Colombia,Colombia,Financiera,2020,25,34,85,94,59
Movii,Colombia,Financiera,2020,94,92,99,39,81
Novo Payment,Colombia,Financiera,2020,51,15,96,17,44
Platiti,Colombia,Financiera,2020,83,83,40,71,69
TekBees,Colombia,Financiera,2020,44,93,56,100,73
Compania Industrial de Productos Agropecuarios,Colombia,Financiera,2020,43,75,16,55,47
Hospital San Rafael de Facatativa,Colombia,Financiera,2020,82,70,86,77,78
Telefonica - Movistar,Colombia,Financiera,2020,42,17,43,61,40
Nexsys de Centroamerica,RLA,Financiera,2020,81,43,88,79,72
Farmaceutica Rodim,RLA,Financiera,2020,46,37,32,55,42
Unicomer,RLA,Financiera,2020,65,22,18,14,29
Grant Thornton Guatemala,RLA,Financiera,2020,82,23,65,19,47
Ahorra Seguros,Mexico,Financiera,2020,51,94,79,61,71
Aspiria,Mexico,Financiera,2020,25,38,27,80,42
Auto Chilango,Mexico,Financiera,2020,30,56,27,83,49
Circulo de Credito,Mexico,Financiera,2020,59,99,84,40,70
Clip,Mexico,Financiera,2020,92,44,66,69,67
Enconta,Mexico,Financiera,2020,89,31,79,66,66
EXPERT CLOUD ONE,Mexico,Financiera,2020,64,20,74,9,41
Feenicia,Mexico,Financiera,2020,78,63,41,76,64
Linio Group,Mexico,Financiera,2020,48,17,57,73,48
MassChallenge Mexico,Mexico,Financiera,2020,95,39,27,15,44
Mimoni,Mexico,Financiera,2020,82,89,31,90,73
Rentdis,Mexico,Financiera,2020,26,85,65,34,52
Saldo,Mexico,Financiera,2020,59,15,61,62,49
Tienda Pago,Mexico,Financiera,2020,24,5,85,81,48
Tolk,Mexico,Financiera,2020,57,76,49,33,53
Visoor,Mexico,Financiera,2020,100,16,61,4,45
Qualitas compania de seguros,Mexico,Financiera,2020,24,22,67,77,47
MVS Radio,Mexico,Financiera,2020,50,52,18,29,37
Makymat,Mexico,Financiera,2020,60,71,39,76,61
"Seguros El Potosi, S.A.",Mexico,Financiera,2020,40,88,73,58,64
Banamex,Mexico,Financiera,2020,15,39,66,23,35
Banco General,RLA,Financiera,2020,53,72,81,18,56
Andy,Peru,Financiera,2020,44,91,17,80,58
Apurata,Peru,Financiera,2020,56,6,97,77,59
Assessor,Peru,Financiera,2020,30,46,82,56,53
Chapa Cash,Peru,Financiera,2020,62,63,49,13,46
Cobin,Peru,Financiera,2020,20,55,86,26,46
Factoring Total,Peru,Financiera,2020,32,7,50,34,30
Fastura,Peru,Financiera,2020,34,77,50,54,53
Incapital Inversiones y Capitales,Peru,Financiera,2020,21,56,42,10,32
Mi Credit Peru,Peru,Financiera,2020,8,60,64,14,36
Pagadespues,Peru,Financiera,2020,68,22,79,48,54
Sofila,Peru,Financiera,2020,60,63,35,29,46
Tukuy,Peru,Financiera,2020,15,33,63,100,52
Quad Graphics,Peru,Financiera,2020,89,42,28,28,46
SUNAT,Peru,Financiera,2020,58,67,50,27,50
Banbif,Peru,Financiera,2020,17,74,23,66,45
DGII,RLA,Financiera,2020,23,86,83,50,60
Asociacion Peravia de Ahorros y Prestamos,RLA,Financiera,2020,14,27,51,35,31
VIPPO,RLA,Financiera,2020,83,66,33,39,55
CambioAR,Argentina,Manufactura,2020,52,73,8,29,40
Doers,Argentina,Manufactura,2020,35,24,54,34,36
Global Processing S.A.,Argentina,Manufactura,2020,5,3,25,33,16
Grupokonstruir,Argentina,Manufactura,2020,6,82,8,29,31
Increasecard,Argentina,Manufactura,2020,83,13,61,41,49
Invuelto,Argentina,Manufactura,2020,25,75,42,84,56
Motormax,Argentina,Manufactura,2020,23,61,21,12,29
Poincenot,Argentina,Manufactura,2020,29,74,14,30,36
Siembro,Argentina,Manufactura,2020,31,29,65,81,51
Sumar Inversion,Argentina,Manufactura,2020,32,48,30,86,49
Syncromind,Argentina,Manufactura,2020,67,7,19,11,26
Yecas,Argentina,Manufactura,2020,69,51,19,10,37
ASAAS,Brasil,Manufactura,2020,6,73,81,61,55
Bom Pra Credito,Brasil,Manufactura,2020,33,99,32,13,44
CapRate,Brasil,Manufactura,2020,23,45,95,84,61
Credmobi,Brasil,Manufactura,2020,84,51,79,19,58
Dharma,Brasil,Manufactura,2020,57,80,86,22,61
IDwall,Brasil,Manufactura,2020,83,63,22,64,58
Kovi,Brasil,Manufactura,2020,21,84,27,64,49
MinniS,Brasil,Manufactura,2020,10,10,31,68,29
MODIAX,Brasil,Manufactura,2020,28,81,73,37,54
Osayk,Brasil,Manufactura,2020,50,5,79,94,57
OSPA,Brasil,Manufactura,2020,85,57,67,60,67
PagPop,Brasil,Manufactura,2020,30,20,50,52,38
QuintoAndar,Brasil,Manufactura,2020,25,59,30,79,48
Sensix Agro,Brasil,Manufactura,2020,71,9,44,2,31
Warren Brasil,Brasil,Manufactura,2020,56,27,15,26,31
Alfi,Chile,Manufactura,2020,83,55,61,43,60
Cryptomarket,Chile,Manufactura,2020,68,62,89,66,71
Finvox,Chile,Manufactura,2020,24,13,98,24,39
ILB Company,Chile,Manufactura,2020,19,97,83,39,59
IT Process SpA,Chile,Manufactura,2020,100,59,49,68,69
Pago 46,Chile,Manufactura,2020,47,50,88,31,54
Qvo,Chile,Manufactura,2020,79,75,7,4,41
Simple DTE,Chile,Manufactura,2020,46,22,73,59,50
Banco de Chile,Chile,Manufactura,2020,44,70,77,36,56
Aguas Andinas,Chile,Manufactura,2020,24,88,46,84,60
Bankamoda,Colombia,Manufactura,2020,39,10,84,41,43
bitmall,Colombia,Manufactura,2020,38,54,46,22,40
Finaktiva,Colombia,Manufactura,2020,16,46,31,46,34
Garantias Comunitarias,Colombia,Manufactura,2020,28,60,21,10,29
Go Socket,Colombia,Manufactura,2020,36,12,62,21,32
Kupi,Colombia,Manufactura,2020,32,63,96,58,62
Minka,Colombia,Manufactura,2020,27,48,90,76,60
Prosol,Colombia,Manufactura,2020,27,64,22,96,52
Taximo,Colombia,Manufactura,2020,30,88,28,9,38
Transfiriendo,Colombia,Manufactura,2020,9,97,74,3,45
Tributi,Colombia,Manufactura,2020,22,33,7,24,21
Valiu,Colombia,Manufactura,2020,17,38,76,7,34
CI DISAN SA,Colombia,Manufactura,2020,66,44,88,66,66
Banco Mundo Mujer - BMM,Colombia,Manufactura,2020,45,24,18,20,26
Telefonica - Movistar,Colombia,Manufactura,2020,40,60,47,48,48
Cruz Roja Colombiana,Colombia,Manufactura,2020,39,72,83,55,62
Produbanco,RLA,Manufactura,2020,42,25,42,87,49
Otecel s.a.,RLA,Manufactura,2020,28,47,83,77,58
CNT EP,RLA,Manufactura,2020,86,55,24,86,62
ai360,Mexico,Manufactura,2020,16,54,63,50,45
Avante,Mexico,Manufactura,2020,61,35,15,7,29
BCP Global,Mexico,Manufactura,2020,8,99,43,22,43
Blumon Pay,Mexico,Manufactura,2020,74,91,39,60,66
Cacao,Mexico,Manufactura,2020,59,16,22,60,39
contarte.mx,Mexico,Manufactura,2020,50,33,58,13,38
Crabi,Mexico,Manufactura,2020,48,77,44,25,48
Credencial,Mexico,Manufactura,2020,45,94,53,78,67
CrowdSocios,Mexico,Manufactura,2020,31,13,72,15,32
EFISYS,Mexico,Manufactura,2020,90,42,20,52,51
ePlata,Mexico,Manufactura,2020,94,23,76,52,61
LenddoEFL,Mexico,Manufactura,2020,100,19,18,91,57
moyoAi,Mexico,Manufactura,2020,94,45,97,60,74
Payit,Mexico,Manufactura,2020,31,34,24,86,43
Quincen Lana,Mexico,Manufactura,2020,90,7,36,62,48
Red Kobra,Mexico,Manufactura,2020,30,63,23,89,51
Regtech Legal Advice,Mexico,Manufactura,2020,4,89,22,84,49
Tiaxa,Mexico,Manufactura,2020,26,16,100,26,42
Toka,Mexico,Manufactura,2020,45,66,18,27,39
Tudecide.com,Mexico,Manufactura,2020,19,32,51,43,36
Xpectare,Mexico,Manufactura,2020,49,21,10,41,30
Gentera,Mexico,Manufactura,2020,69,28,82,54,58
John Deere Mexico,Mexico,Manufactura,2020,29,38,64,26,39
Lockton,Mexico,Manufactura,2020,76,34,26,66,50
Grupo Salinas,Mexico,Manufactura,2020,42,85,57,25,52
Gobierno del Estado de Mexico,Mexico,Manufactura,2020,21,78,29,63,47
Eurobits,Mexico,Manufactura,2020,78,30,39,23,42
Cambista,Peru,Manufactura,2020,3,52,100,9,41
Expert One SAP,Peru,Manufactura,2020,81,59,19,25,46
Factoring Lab,Peru,Manufactura,2020,65,27,5,50,36
Ignis Ventas,Peru,Manufactura,2020,95,4,19,100,54
Ligo,Peru,Manufactura,2020,67,20,44,50,45
Tukuy Club,Peru,Manufactura,2020,44,90,89,41,66
SAV,Peru,Manufactura,2020,87,69,36,71,65
Interbank,Peru,Manufactura,2020,63,56,55,37,52
Corex,Peru,Manufactura,2020,67,68,81,23,59
DGII,RLA,Manufactura,2020,29,78,83,85,68
PayPhone,RLA,Manufactura,2020,17,53,28,35,33
PedidosYa,RLA,Manufactura,2020,48,52,70,12,45
Regum,RLA,Manufactura,2020,4,36,29,81,37
B.trader,Argentina,Servicios,2020,62,52,51,50,53
BDO,Argentina,Servicios,2020,45,20,46,36,36
COCO MARKET,Argentina,Servicios,2020,29,22,19,37,26
Flexibility,Argentina,Servicios,2020,83,38,31,51,50
Uala,Argentina,Servicios,2020,43,14,49,74,45
Ali Credito,Brasil,Servicios,2020,26,33,30,71,40
Bart.Digital,Brasil,Servicios,2020,22,44,70,35,42
Compara Online Servicos De Informatica,Brasil,Servicios,2020,69,33,61,77,60
Conta Azul,Brasil,Servicios,2020,43,28,25,53,37
Creditas,Brasil,Servicios,2020,51,85,52,49,59
Creditoo,Brasil,Servicios,2020,59,28,56,80,55
Doutor123,Brasil,Servicios,2020,13,38,8,35,23
Konkero,Brasil,Servicios,2020,73,41,73,33,55
Melhortaxa,Brasil,Servicios,2020,76,65,95,4,60
Stone,Brasil,Servicios,2020,9,15,50,76,37
Tecnopuc,Brasil,Servicios,2020,86,79,60,75,75
triunfei.com,Brasil,Servicios,2020,88,99,18,83,72
Vindi,Brasil,Servicios,2020,100,18,70,17,51
XMultas,Brasil,Servicios,2020,50,52,14,55,42
Amipass,Chile,Servicios,2020,96,12,86,96,72
Besafe Inversiones,Chile,Servicios,2020,12,9,100,58,44
Duemint,Chile,Servicios,2020,100,79,15,61,63
Media Trends Group,Chile,Servicios,2020,93,54,47,14,52
Orionx.com,Chile,Servicios,2020,41,76,59,96,68
Paga Ya,Chile,Servicios,2020,50,14,60,76,50
SecSignal,Chile,Servicios,2020,87,99,32,26,61
Singular Banking,Chile,Servicios,2020,56,42,43,48,47
2Trans Fair,Colombia,Servicios,2020,58,56,70,56,60
Aflore,Colombia,Servicios,2020,97,29,58,39,55
Athena Bitcoin,Colombia,Servicios,2020,73,100,73,35,70
Beriblock,Colombia,Servicios,2020,55,28,28,29,35
Compara Mejor,Colombia,Servicios,2020,38,13,75,38,41
Credissimo,Colombia,Servicios,2020,67,39,66,46,54
Guia TIC,Colombia,Servicios,2020,57,83,100,40,70
Gulungo,Colombia,Servicios,2020,79,13,11,70,43
Iproveedor,Colombia,Servicios,2020,29,100,85,81,73
MO Tecnologias,Colombia,Servicios,2020,58,80,64,16,54
Punto Red,Colombia,Servicios,2020,99,34,57,93,70
TowerTech,Colombia,Servicios,2020,10,31,41,78,40
Coomeva Unidad de Transformacion e Innovacion,Colombia,Servicios,2020,48,49,23,67,46
Banco Pichincha,Colombia,Servicios,2020,55,69,13,70,51
Fanalca S.A.,Colombia,Servicios,2020,50,11,60,72,48
Mediprocesos de Honduras,RLA,Servicios,2020,41,48,29,22,35
Aquistar,Mexico,Servicios,2020,42,84,19,14,39
Ark Fund,Mexico,Servicios,2020,68,36,87,81,68
Belvo,Mexico,Servicios,2020,16,9,54,45,31
CellPay,Mexico,Servicios,2020,53,14,88,6,40
Comparale,Mexico,Servicios,2020,95,50,12,52,52
Creditea,Mexico,Servicios,2020,53,21,82,22,44
Doopla,Mexico,Servicios,2020,11,60,13,15,24
Everbots,Mexico,Servicios,2020,9,33,33,96,42
Facturapi,Mexico,Servicios,2020,80,15,90,38,55
Facturedo,Mexico,Servicios,2020,82,30,67,77,64
Finbitz,Mexico,Servicios,2020,34,98,38,59,57
Id Finance,Mexico,Servicios,2020,35,55,100,29,54
Kredicity,Mexico,Servicios,2020,35,22,100,62,54
Kuspit,Mexico,Servicios,2020,68,19,87,16,47
Lumbrera,Mexico,Servicios,2020,20,78,71,76,61
Pm2,Mexico,Servicios,2020,66,42,47,100,63
Recaudia,Mexico,Servicios,2020,50,5,22,71,37
Smart Lending,Mexico,Servicios,2020,79,72,16,13,45
Tala,Mexico,Servicios,2020,13,57,50,21,35
UBCubo,Mexico,Servicios,2020,49,99,21,80,62
John Deere Mexico,Mexico,Servicios,2020,35,33,72,16,39
Markymat,Mexico,Servicios,2020,26,36,58,21,35
Category Ideas S.C.,Mexico,Servicios,2020,52,33,67,68,55
PiP Latam,Mexico,Servicios,2020,49,76,80,23,57
Aseguralo,Peru,Servicios,2020,30,25,27,72,38
Culqui,Peru,Servicios,2020,70,25,36,57,47
Finanzas con O' alone,Peru,Servicios,2020,71,33,87,46,59
Helpers S.A.C,Peru,Servicios,2020,31,32,54,9,31
MiBolsillo,Peru,Servicios,2020,47,43,36,81,51
Prestamype,Peru,Servicios,2020,37,79,78,33,56
Rextie,Peru,Servicios,2020,42,70,46,8,41
Trueki,Peru,Servicios,2020,47,100,43,20,52
ADC Movil,RLA,Servicios,2020,21,37,30,58,36
Devsu,RLA,Servicios,2020,74,68,90,23,63
GlobalPay Solutions,RLA,Servicios,2020,51,38,27,36,38
Inversionate,RLA,Servicios,2020,30,8,29,17,21
Banco Exterior,RLA,Servicios,2020,44,83,52,37,54
C6 Bank,Brasil,Tecnologias,2020,94,83,76,99,88
BIND,Argentina,Tecnologias,2020,68,97,84,80,82
BitInka,Argentina,Tecnologias,2020,73,84,69,14,60
Buenbit,Argentina,Tecnologias,2020,53,89,59,27,57
Contabilium,Argentina,Tecnologias,2020,100,90,31,100,80
Gosur,Argentina,Tecnologias,2020,77,44,17,55,48
MOON Money Online,Argentina,Tecnologias,2020,64,92,62,100,79
PaySur,Argentina,Tecnologias,2020,38,92,21,75,56
Poincenot Technology Studio,Argentina,Tecnologias,2020,57,100,71,90,79
Punto Rojo,Argentina,Tecnologias,2020,7,40,86,93,56
Solventa,Argentina,Tecnologias,2020,59,19,67,40,46
Team Quality,Argentina,Tecnologias,2020,85,54,30,48,54
Wilobank,Argentina,Tecnologias,2020,16,7,97,60,45
BCRA,Argentina,Tecnologias,2020,26,22,80,77,51
ABCD,Brasil,Tecnologias,2020,67,57,68,68,65
Cobli,Brasil,Tecnologias,2020,83,90,78,15,66
finpass,Brasil,Tecnologias,2020,69,26,40,100,58
Ingage Digital,Brasil,Tecnologias,2020,23,81,25,68,49
Kria,Brasil,Tecnologias,2020,87,84,13,100,71
Omie,Brasil,Tecnologias,2020,44,37,42,58,45
Quanto,Brasil,Tecnologias,2020,9,76,100,17,50
Raffcom,Brasil,Tecnologias,2020,81,93,34,24,58
Suppliercard,Brasil,Tecnologias,2020,57,56,65,85,65
Trigg Brasil,Brasil,Tecnologias,2020,81,41,92,74,72
Vakinha Internet,Brasil,Tecnologias,2020,68,22,46,86,55
Ask Robin,Chile,Tecnologias,2020,36,92,99,27,63
Ceptinel,Chile,Tecnologias,2020,62,75,56,100,73
El Contenedor,Chile,Tecnologias,2020,96,58,48,60,65
Hack Metrix,Chile,Tecnologias,2020,100,57,13,86,64
Organizame,Chile,Tecnologias,2020,6,82,75,70,58
Power Influencer,Chile,Tecnologias,2020,55,98,99,57,77
Diario Financiero,Chile,Tecnologias,2020,71,69,36,71,61
Addi,Colombia,Tecnologias,2020,64,78,45,94,70
Alegra,Colombia,Tecnologias,2020,38,78,90,100,76
Aliatu,Colombia,Tecnologias,2020,72,92,8,36,52
BioCredit,Colombia,Tecnologias,2020,19,24,46,100,47
Gulungo Colombia,Colombia,Tecnologias,2020,91,99,96,12,74
iUCollect,Colombia,Tecnologias,2020,39,45,73,79,59
Makers Solutions,Colombia,Tecnologias,2020,5,22,92,26,36
Presta Gente,Colombia,Tecnologias,2020,88,100,28,41,64
SIX DEGREES IT,Colombia,Tecnologias,2020,77,18,14,100,52
Coomeva,Colombia,Tecnologias,2020,45,48,26,19,34
Banco Mundo Mujer,Colombia,Tecnologias,2020,69,25,42,89,56
Proteccion S.A.,Colombia,Tecnologias,2020,13,36,82,45,44
Totto,Colombia,Tecnologias,2020,37,75,86,57,63
Banco del Pacifico,RLA,Tecnologias,2020,12,69,52,65,49
Albo,Mexico,Tecnologias,2020,46,85,63,50,61
Alianza Corp,Mexico,Tecnologias,2020,24,60,30,51,41
Bitso,Mexico,Tecnologias,2020,70,35,53,78,59
CLUPP,Mexico,Tecnologias,2020,32,87,92,62,68
Cumplo,Mexico,Tecnologias,2020,49,90,94,25,64
Delfos Analytics,Mexico,Tecnologias,2020,69,78,46,17,52
Delta Protect,Mexico,Tecnologias,2020,37,95,38,41,52
Distrito Pyme,Mexico,Tecnologias,2020,24,91,80,13,52
ePesos,Mexico,Tecnologias,2020,95,84,13,88,70
Expansive,Mexico,Tecnologias,2020,48,62,70,69,62
Finauta,Mexico,Tecnologias,2020,13,49,55,53,42
Fondify,Mexico,Tecnologias,2020,65,41,86,84,69
Inverspot,Mexico,Tecnologias,2020,84,14,13,33,36
Kueski,Mexico,Tecnologias,2020,18,49,60,89,54
minu,Mexico,Tecnologias,2020,85,19,23,93,55
Monific,Mexico,Tecnologias,2020,38,71,37,60,51
Pagamobil.com,Mexico,Tecnologias,2020,13,40,65,40,39
Ubank,Mexico,Tecnologias,2020,81,67,95,15,64
YOIN App,Mexico,Tecnologias,2020,40,8,100,75,55
John Deere,Mexico,Tecnologias,2020,57,41,27,37,40
Mabe,Mexico,Tecnologias,2020,73,34,52,10,42
Universidad Digital del Estado de Mexico,Mexico,Tecnologias,2020,20,11,64,26,30
Copa Airlines,RLA,Tecnologias,2020,36,11,41,47,33
Ayllu Fintech,Peru,Tecnologias,2020,87,16,68,99,67
CrediFace,Peru,Tecnologias,2020,92,100,79,61,83
Finsmart Peru,Peru,Tecnologias,2020,99,29,73,44,61
Kapital Zocial,Peru,Tecnologias,2020,95,23,70,75,65
Mercania,Peru,Tecnologias,2020,39,100,56,35,57
Tappoyo,Peru,Tecnologias,2020,28,66,22,54,42
Perupetro,Peru,Tecnologias,2020,51,15,54,34,38
Unafin,RLA,Tecnologias,2020,46,61,88,52,61
The Winterbotham Trust Company,RLA,Tecnologias,2020,57,29,30,90,51
Banco Exterior,RLA,Tecnologias,2020,35,75,46,59,53
Apperto,Argentina,Telecom,2020,40,96,100,30,66
Bitex,Argentina,Telecom,2020,100,100,99,73,93
Blah Box,Argentina,Telecom,2020,95,91,51,49,71
Colppy,Argentina,Telecom,2020,16,30,100,71,54
Credility,Argentina,Telecom,2020,49,40,93,100,70
Efectivo Ahora,Argentina,Telecom,2020,77,31,32,67,51
Eye Capital,Argentina,Telecom,2020,92,16,77,90,68
Linckard,Argentina,Telecom,2020,64,91,55,99,77
Portafolio personal inversiones,Argentina,Telecom,2020,38,73,54,66,57
Troopa,Argentina,Telecom,2020,88,47,71,96,75
VU Security,Argentina,Telecom,2020,89,25,25,54,48
Tribunales,Argentina,Telecom,2020,50,60,17,39,41
Farmacity,Argentina,Telecom,2020,62,66,24,65,54
AdsUp,Brasil,Telecom,2020,68,48,82,36,58
Antecipa,Brasil,Telecom,2020,100,91,48,62,75
Cointimes,Brasil,Telecom,2020,59,24,66,84,58
Contabilizei,Brasil,Telecom,2020,30,40,72,64,51
iFood,Brasil,Telecom,2020,28,7,90,52,44
KeroGrana,Brasil,Telecom,2020,100,80,75,26,70
Kickante,Brasil,Telecom,2020,51,96,87,39,68
KOIN,Brasil,Telecom,2020,43,90,15,98,61
Lendico Brasil,Brasil,Telecom,2020,21,100,100,10,57
NEXXTO,Brasil,Telecom,2020,40,46,100,28,53
Nubank,Brasil,Telecom,2020,77,68,78,86,77
Olist,Brasil,Telecom,2020,100,83,34,37,63
Par Mais,Brasil,Telecom,2020,87,82,100,46,78
QueroQuitar,Brasil,Telecom,2020,25,59,89,16,47
Compara Online,Chile,Telecom,2020,24,70,34,93,55
Jooycar,Chile,Telecom,2020,37,33,51,98,54
La Plataforma,Chile,Telecom,2020,33,42,55,58,47
Punto Total,Chile,Telecom,2020,55,76,15,93,59
Se Socio,Chile,Telecom,2020,25,6,70,74,43
U Payments,Chile,Telecom,2020,76,100,60,57,73
Crezcamos S.A.,Colombia,Telecom,2020,16,37,42,70,41
Excel Credit,Colombia,Telecom,2020,98,67,52,58,68
Invest Latam,Colombia,Telecom,2020,49,99,60,10,54
Mesfix,Colombia,Telecom,2020,68,70,74,79,72
Nabica,Colombia,Telecom,2020,19,96,75,35,56
People Tech,Colombia,Telecom,2020,63,35,64,44,51
R5,Colombia,Telecom,2020,61,84,27,55,56
Wikiplata,Colombia,Telecom,2020,90,88,86,32,74
Zinobe,Colombia,Telecom,2020,26,88,36,93,60
Servicios Nutresa S.A.S,Colombia,Telecom,2020,80,63,63,20,56
Banco de la Republica,Colombia,Telecom,2020,18,43,13,86,40
CENS S.A. E.S.P.,Colombia,Telecom,2020,51,45,33,90,54
Transelca,Colombia,Telecom,2020,59,24,20,35,34
Banco del Pacifico,RLA,Telecom,2020,84,35,70,21,52
Banrural,RLA,Telecom,2020,38,28,74,23,40
Banco Promerica,RLA,Telecom,2020,63,85,47,80,68
Coru,Mexico,Telecom,2020,100,82,91,53,81
Credify,Mexico,Telecom,2020,87,58,63,98,76
Data Science Academy Mexico,Mexico,Telecom,2020,80,36,98,16,57
Invierte Con Expertos,Mexico,Telecom,2020,82,57,38,100,69
Logiety,Mexico,Telecom,2020,100,92,97,36,81
MR Presta,Mexico,Telecom,2020,92,7,43,94,59
Paynom,Mexico,Telecom,2020,51,100,52,79,70
Play Business,Mexico,Telecom,2020,58,79,56,62,63
SeguroSimple,Mexico,Telecom,2020,98,100,78,100,94
UPAX,Mexico,Telecom,2020,16,26,37,86,41
Visor ADL,Mexico,Telecom,2020,63,76,100,86,81
Pieles Sinteticas S. A.  de C. V.,Mexico,Telecom,2020,10,85,14,20,32
IMSS,Mexico,Telecom,2020,36,78,73,58,61
COECYTJAL,Mexico,Telecom,2020,15,71,35,10,32
Cenapred,Mexico,Telecom,2020,45,59,61,13,44
Hermes Infraestructura,Mexico,Telecom,2020,52,19,54,12,34
Grupo Coppel,Mexico,Telecom,2020,90,66,52,44,63
Municipio de Benito Juarez Quintana Roo,Mexico,Telecom,2020,14,70,75,29,47
Electronic Identification,Mexico,Telecom,2020,100,30,58,50,59
Banco General,RLA,Telecom,2020,27,52,22,90,47
Chaty,Peru,Telecom,2020,15,32,14,97,39
Independencia,Peru,Telecom,2020,100,40,35,76,62
Kontigo,Peru,Telecom,2020,70,44,53,38,51
MidPointFX,Peru,Telecom,2020,61,18,15,51,36
Punto Com Rent,Peru,Telecom,2020,74,67,27,85,63
Tkambio,Peru,Telecom,2020,32,77,83,27,54
Ferreycorp,Peru,Telecom,2020,70,75,85,15,61
Inversiones La Cruz,Peru,Telecom,2020,59,37,66,36,49
Prima AFP,Peru,Telecom,2020,35,67,40,19,40
UPeU,Peru,Telecom,2020,29,37,68,15,37
Banco Pichincha Peru,Peru,Telecom,2020,70,87,19,53,57
DGII,RLA,Telecom,2020,17,78,12,51,39
Asociacion Peravia de Ahorros y Prestamos,RLA,Telecom,2020,89,63,38,11,50
Infocorp,RLA,Telecom,2020,96,33,36,61,56
Mercofact,RLA,Telecom,2020,30,33,44,34,35
MiFinanzas,RLA,Telecom,2020,38,60,46,17,40
