AlmaFintech,Argentina,Comercio,2020,3,Manager Operaciones,Entrevista,Transformacion Digital,86,39,50,30,51,570,727,-1,-9
Alquilando.com,Argentina,Comercio,2020,3,Manager Ventas,Entrevista,Transformacion Digital,59,53,73,7,48,922,495,-10,4
Contagram,Argentina,Comercio,2020,3,Director Ventas,Entrevista,Transformacion Digital,49,31,36,17,33,628,579,-13,-10
Mercado Pago,Argentina,Comercio,2020,3,Manager Ventas,Entrevista,Transformacion Digital,24,69,72,90,63,961,679,-3,-8
mibucle,Argentina,Comercio,2020,3,Otro,Entrevista,Transformacion Digital,49,54,53,32,47,879,359,-2,-8
MZP TECH,Argentina,Comercio,2020,3,Manager Ventas,Entrevista,Transformacion Digital,12,69,95,58,58,873,276,-16,-8
Pagos 360,Argentina,Comercio,2020,3,Director Operaciones,Entrevista,Transformacion Digital,1,72,65,46,46,874,537,-16,-6
ASSIPI,Brasil,Comercio,2020,3,Director TI,Entrevista,Transformacion Digital,41,20,62,75,49,969,276,-6,-13
Basement,Brasil,Comercio,2020,3,Manager Ventas,Entrevista,Transformacion Digital,88,87,3,100,69,290,825,-4,-2
BLU365,Brasil,Comercio,2020,3,Director TI,Entrevista,Transformacion Digital,82,72,30,78,65,334,791,-15,2
CloudWalk,Brasil,Comercio,2020,3,Manager TI,Entrevista,Transformacion Digital,17,39,52,56,41,1065,513,0,-1
co2in,Brasil,Comercio,2020,3,CIO,Entrevista,Transformacion Digital,13,11,65,76,41,824,814,-12,4
Cubo333,Brasil,Comercio,2020,3,Director Finanzas,Entrevista,Transformacion Digital,25,97,35,41,49,670,670,-2,-13
EASYCReDITO,Brasil,Comercio,2020,3,Manager TI,Entrevista,Transformacion Digital,45,94,46,99,71,671,830,-7,-8
Iniciativas Empreendedoras,Brasil,Comercio,2020,3,Manager TI,Entrevista,Transformacion Digital,68,77,31,15,47,651,427,-4,-7
Jeitto,Brasil,Comercio,2020,3,CEO,Entrevista,Transformacion Digital,49,30,22,97,49,934,394,-4,-9
Mutular,Brasil,Comercio,2020,3,Manager Operaciones,Entrevista,Transformacion Digital,95,81,53,40,67,1038,603,-2,-5
Neon,Brasil,Comercio,2020,3,Director Operaciones,Entrevista,Transformacion Digital,17,39,86,57,49,966,559,-9,-7
Otimiza Beneficios,Brasil,Comercio,2020,3,Manager TI,Entrevista,Transformacion Digital,93,46,26,8,43,732,701,0,-12
Treasy,Brasil,Comercio,2020,3,Director Finanzas,Entrevista,Transformacion Digital,49,36,43,92,55,629,851,-7,-2
Wayra,Brasil,Comercio,2020,3,CIO,Entrevista,Transformacion Digital,28,15,100,23,41,742,787,0,8
WCORE,Brasil,Comercio,2020,3,Manager TI,Entrevista,Transformacion Digital,91,54,28,87,65,505,616,-6,6
Colektia,Chile,Comercio,2020,3,Director TI,Entrevista,Transformacion Digital,85,73,47,78,70,1033,574,-5,-9
Destacame,Chile,Comercio,2020,3,Otro,Entrevista,Transformacion Digital,90,50,52,47,59,570,547,-11,0
Flow,Chile,Comercio,2020,3,CEO,Entrevista,Transformacion Digital,57,59,96,95,76,1381,865,-14,-11
Ibitt,Chile,Comercio,2020,3,Director Operaciones,Entrevista,Transformacion Digital,71,48,28,38,46,990,400,-8,-7
ReFrame CL,Chile,Comercio,2020,3,CIO,Entrevista,Transformacion Digital,7,85,26,30,37,579,419,-12,-3
Representame,Chile,Comercio,2020,3,Manager TI,Entrevista,Transformacion Digital,85,66,51,38,60,619,909,-12,-8
Macrofood,Chile,Comercio,2020,3,Manager Operaciones,Entrevista,Transformacion Digital,43,37,81,86,61,1072,724,1,2
123 Seguro,Colombia,Comercio,2020,3,CEO,Entrevista,Transformacion Digital,44,67,42,15,42,373,509,-12,10
Arma tu Vaca,Colombia,Comercio,2020,3,Director TI,Entrevista,Transformacion Digital,56,78,75,3,53,792,669,-16,5
eCollect,Colombia,Comercio,2020,3,Director TI,Entrevista,Transformacion Digital,67,19,21,60,41,1045,630,-11,-9
Hipoko,Colombia,Comercio,2020,3,Manager Ventas,Entrevista,Transformacion Digital,35,56,54,54,49,781,723,-14,-7
Libera,Colombia,Comercio,2020,3,Otro,Entrevista,Transformacion Digital,43,31,15,88,44,232,1043,-8,2
Luka,Colombia,Comercio,2020,3,Director TI,Entrevista,Transformacion Digital,41,37,67,47,48,838,652,-4,10
Sempli,Colombia,Comercio,2020,3,Director Finanzas,Entrevista,Transformacion Digital,75,43,78,95,72,1328,1326,0,5
Simetrik,Colombia,Comercio,2020,3,Manager Ventas,Entrevista,Transformacion Digital,83,79,62,3,56,1365,683,-8,-3
Suyo,Colombia,Comercio,2020,3,Director TI,Entrevista,Transformacion Digital,96,8,26,96,56,555,469,-3,10
Carvajal TyS,Colombia,Comercio,2020,3,Manager Operaciones,Entrevista,Transformacion Digital,82,36,18,40,44,950,590,-3,7
Movistar,Colombia,Comercio,2020,3,Manager TI,Entrevista,Transformacion Digital,57,58,61,11,46,884,796,3,2
Kushki,Colombia    ,Comercio,2020,3,Manager Operaciones,Entrevista,Transformacion Digital,24,83,7,68,45,296,751,-17,6
CNT,RLA,Comercio,2020,3,Manager TI,Entrevista,Transformacion Digital,16,26,65,10,29,1034,838,-6,-1
Universidad Andina Simon Bolivar,RLA,Comercio,2020,3,Manager Ventas,Entrevista,Transformacion Digital,75,82,80,81,79,789,612,2,4
Claro,RLA,Comercio,2020,3,Director Ventas,Entrevista,Transformacion Digital,65,67,80,75,71,1037,798,-1,2
Banco de Occidente,RLA,Comercio,2020,3,Otro,Entrevista,Transformacion Digital,70,71,23,53,54,628,560,-7,0
ArkusNexus,Mexico,Comercio,2020,3,Manager TI,Entrevista,Transformacion Digital,20,55,23,63,40,456,693,-11,-2
Contabilizate.com,Mexico,Comercio,2020,3,Manager Ventas,Entrevista,Transformacion Digital,39,51,13,93,49,226,855,-4,-13
Dividendee,Mexico,Comercio,2020,3,Manager TI,Entrevista,Transformacion Digital,48,93,59,46,61,710,554,-11,5
eFactor Network,Mexico,Comercio,2020,3,Director Ventas,Entrevista,Transformacion Digital,17,94,63,49,55,939,687,-1,5
El 20,Mexico,Comercio,2020,3,Manager Ventas,Entrevista,Transformacion Digital,50,14,37,68,42,408,285,-9,-4
Facturama,Mexico,Comercio,2020,3,Director TI,Entrevista,Transformacion Digital,46,47,6,46,36,1077,769,-14,7
FINGAME,Mexico,Comercio,2020,3,Manager Operaciones,Entrevista,Transformacion Digital,96,14,51,73,58,1192,573,-9,-8
FLY CAPITAL,Mexico,Comercio,2020,3,CIO,Entrevista,Transformacion Digital,30,75,66,73,61,999,710,-10,6
iCasas Mexico,Mexico,Comercio,2020,3,Director Finanzas,Entrevista,Transformacion Digital,57,80,88,55,70,1034,571,-7,-1
IdentityMind Global,Mexico,Comercio,2020,3,CEO,Entrevista,Transformacion Digital,9,13,47,90,39,779,791,-4,-9
Konfront,Mexico,Comercio,2020,3,CIO,Entrevista,Transformacion Digital,94,26,87,25,58,1570,436,-6,-9
Kubo Financiero,Mexico,Comercio,2020,3,Director Ventas,Entrevista,Transformacion Digital,38,25,82,63,52,1126,431,-16,-7
Loyalty Refunds,Mexico,Comercio,2020,3,Manager TI,Entrevista,Transformacion Digital,38,71,57,73,59,911,517,-7,-6
NOCNOK,Mexico,Comercio,2020,3,Otro,Entrevista,Transformacion Digital,72,88,15,41,54,988,505,-7,3
Polygon Fintech,Mexico,Comercio,2020,3,CIO,Entrevista,Transformacion Digital,70,29,100,67,66,1511,758,-5,-8
Prestamos en un Click,Mexico,Comercio,2020,3,Manager TI,Entrevista,Transformacion Digital,19,42,81,69,52,1184,985,-7,-3
Rocket.la,Mexico,Comercio,2020,3,Manager TI,Entrevista,Transformacion Digital,89,28,48,56,55,556,485,-12,-1
Rufi,Mexico,Comercio,2020,3,Director TI,Entrevista,Transformacion Digital,49,53,26,66,48,487,572,-8,5
SeguriData,Mexico,Comercio,2020,3,Director Ventas,Entrevista,Transformacion Digital,40,27,45,60,43,490,642,-3,-11
Swap,Mexico,Comercio,2020,3,CIO,Entrevista,Transformacion Digital,4,87,66,19,44,785,344,-7,1
Tu Identidad,Mexico,Comercio,2020,3,CIO,Entrevista,Transformacion Digital,31,81,35,100,61,536,1058,-8,-9
UNIKO,Mexico,Comercio,2020,3,Director Operaciones,Entrevista,Transformacion Digital,63,48,68,38,54,736,1139,-4,-8
Wize Line,Mexico,Comercio,2020,3,Manager TI,Entrevista,Transformacion Digital,45,12,81,95,58,924,413,-2,-6
Arteria Comunicaciones,Mexico,Comercio,2020,3,Director Finanzas,Entrevista,Transformacion Digital,14,39,70,74,49,955,924,-3,4
Instituto del Fondo Nacional de la Vivienda,Mexico,Comercio,2020,3,Manager Operaciones,Entrevista,Transformacion Digital,22,29,53,36,35,929,781,3,3
Muebles Dico,Mexico,Comercio,2020,3,Director Ventas,Entrevista,Transformacion Digital,22,20,42,19,25,649,811,-6,2
Possehl,Mexico,Comercio,2020,3,Director Operaciones,Entrevista,Transformacion Digital,88,38,36,66,57,640,717,-5,7
Presidencia Municipal Apaxco,Mexico,Comercio,2020,3,Director TI,Entrevista,Transformacion Digital,90,34,89,30,60,824,605,-6,2
Banco Delta,RLA,Comercio,2020,3,Otro,Entrevista,Transformacion Digital,48,75,88,48,64,716,837,-8,6
Banco Delta,RLA,Comercio,2020,3,CIO,Entrevista,Transformacion Digital,67,88,73,42,67,760,643,-8,5
Hello ZUM,Peru,Comercio,2020,3,Manager Ventas,Entrevista,Transformacion Digital,54,37,38,60,47,713,602,1,1
Red de Energia del Peru,Peru,Comercio,2020,3,Director Ventas,Entrevista,Transformacion Digital,77,59,42,59,59,980,868,-7,-1
Dvdendo,RLA,Comercio,2020,3,CIO,Entrevista,Transformacion Digital,43,47,25,82,49,671,943,-4,-12
Ibanonline,RLA,Comercio,2020,3,Director Ventas,Entrevista,Transformacion Digital,89,26,17,86,54,635,1044,-14,-3
Impesa,RLA,Comercio,2020,3,Manager TI,Entrevista,Transformacion Digital,61,33,83,9,46,1170,427,-7,4
Instapago,RLA,Comercio,2020,3,Director TI,Entrevista,Transformacion Digital,96,60,24,94,68,514,1137,-6,-4
Ubii Pagos,RLA,Comercio,2020,3,Director TI,Entrevista,Transformacion Digital,36,25,90,54,51,1034,858,-6,4
Bull Market Brokers,Argentina,Financiera,2020,3,Director Ventas,Entrevista,Transformacion Digital,81,81,29,95,71,457,787,-5,-8
Credicuotas,Argentina,Financiera,2020,3,Manager TI,Entrevista,Transformacion Digital,59,70,21,93,60,599,501,-14,0
Crowdium,Argentina,Financiera,2020,3,Director TI,Entrevista,Transformacion Digital,100,59,94,36,72,1269,694,-1,-8
Intiza,Argentina,Financiera,2020,3,Director Ventas,Entrevista,Transformacion Digital,71,62,86,64,70,1051,624,-3,2
IOV Labs,Argentina,Financiera,2020,3,Manager Operaciones,Entrevista,Transformacion Digital,67,76,91,46,70,1421,859,-3,7
Mercado Libre,Argentina,Financiera,2020,3,Director Finanzas,Entrevista,Transformacion Digital,88,64,5,80,59,426,956,-3,-5
N5 Now,Argentina,Financiera,2020,3,Manager Operaciones,Entrevista,Transformacion Digital,14,97,17,80,52,557,958,-4,-3
Sistemas ESCO S.A.,Argentina,Financiera,2020,3,Director Operaciones,Entrevista,Transformacion Digital,60,76,30,16,45,533,406,-4,-2
Arcos Dorados,Argentina,Financiera,2020,3,Manager Ventas,Entrevista,Transformacion Digital,89,81,57,78,76,1125,808,-8,5
CEOSA,Argentina,Financiera,2020,3,Director TI,Entrevista,Transformacion Digital,76,27,10,22,33,844,704,2,4
ACO,Brasil,Financiera,2020,3,Director TI,Entrevista,Transformacion Digital,39,70,43,94,61,552,1202,-8,10
Adianta,Brasil,Financiera,2020,3,Director TI,Entrevista,Transformacion Digital,76,29,18,14,34,433,509,-6,-3
Astro Asset,Brasil,Financiera,2020,3,CIO,Entrevista,Transformacion Digital,34,76,78,82,67,589,789,-14,5
Bit.One,Brasil,Financiera,2020,3,Director TI,Entrevista,Transformacion Digital,19,100,91,90,75,898,1162,-18,-4
Datapedia,Brasil,Financiera,2020,3,Director Ventas,Entrevista,Transformacion Digital,59,30,14,35,34,526,621,-18,3
DEUcredito,Brasil,Financiera,2020,3,CIO,Entrevista,Transformacion Digital,86,36,96,88,76,1344,833,0,-10
EWALLY,Brasil,Financiera,2020,3,CIO,Entrevista,Transformacion Digital,50,67,63,80,65,734,765,-15,-10
Foxbit,Brasil,Financiera,2020,3,Director TI,Entrevista,Transformacion Digital,100,12,73,33,54,660,353,-10,-11
Glebba Investimentos,Brasil,Financiera,2020,3,Manager TI,Entrevista,Transformacion Digital,33,79,75,45,58,664,666,-6,9
IS2B,Brasil,Financiera,2020,3,Director Operaciones,Entrevista,Transformacion Digital,49,80,16,43,47,318,512,-10,8
Jobecam,Brasil,Financiera,2020,3,CIO,Entrevista,Transformacion Digital,75,92,52,97,79,421,1019,-8,3
Legal Bot,Brasil,Financiera,2020,3,Director Ventas,Entrevista,Transformacion Digital,73,22,82,42,54,715,507,-3,5
Loft,Brasil,Financiera,2020,3,Director TI,Entrevista,Transformacion Digital,58,91,35,80,66,529,778,-11,4
Mercado Bitcoin,Brasil,Financiera,2020,3,Director Ventas,Entrevista,Transformacion Digital,38,15,27,76,39,584,557,-8,-5
Mercos,Brasil,Financiera,2020,3,Manager Operaciones,Entrevista,Transformacion Digital,60,63,55,79,64,810,709,-4,1
Monkey Exchange,Brasil,Financiera,2020,3,Director TI,Entrevista,Transformacion Digital,13,45,51,44,38,613,784,-8,-2
Mooven Consulting,Brasil,Financiera,2020,3,Manager TI,Entrevista,Transformacion Digital,27,93,61,67,62,775,888,-12,3
Resultados Dititais,Brasil,Financiera,2020,3,Director TI,Entrevista,Transformacion Digital,44,37,95,59,58,953,681,-17,5
SMU Investimentos,Brasil,Financiera,2020,3,CEO,Entrevista,Transformacion Digital,85,35,90,11,55,1591,548,-10,-7
Xerpa,Brasil,Financiera,2020,3,Director TI,Entrevista,Transformacion Digital,64,43,71,86,66,734,756,-5,2
BeCual,Chile,Financiera,2020,3,Director Operaciones,Entrevista,Transformacion Digital,58,72,63,65,64,934,777,-10,8
Destacame.cl,Chile,Financiera,2020,3,CEO,Entrevista,Transformacion Digital,16,70,37,37,40,463,815,-12,6
Global 66,Chile,Financiera,2020,3,Director TI,Entrevista,Transformacion Digital,46,38,16,96,49,401,928,-8,-13
Kunder,Chile,Financiera,2020,3,Director Finanzas,Entrevista,Transformacion Digital,57,36,56,72,55,914,783,-12,3
Mach,Chile,Financiera,2020,3,Manager TI,Entrevista,Transformacion Digital,34,50,97,12,48,1180,525,-2,-1
Mercado de capitales,Chile,Financiera,2020,3,Director Operaciones,Entrevista,Transformacion Digital,100,63,36,98,74,507,1053,-10,0
Multi Caja,Chile,Financiera,2020,3,Manager Ventas,Entrevista,Transformacion Digital,51,25,74,68,54,937,479,-11,-3
Pago Facil,Chile,Financiera,2020,3,Director Ventas,Entrevista,Transformacion Digital,50,40,49,70,52,1121,549,-2,1
Red Capital,Chile,Financiera,2020,3,Otro,Entrevista,Transformacion Digital,68,35,74,88,66,766,994,-5,6
Variacode,Chile,Financiera,2020,3,Manager Ventas,Entrevista,Transformacion Digital,97,35,93,19,61,992,591,-13,8
Busqo,Colombia,Financiera,2020,3,Director Operaciones,Entrevista,Transformacion Digital,83,30,36,44,48,817,392,-3,6
Collect Pay,Colombia,Financiera,2020,3,CIO,Entrevista,Transformacion Digital,65,13,66,54,49,813,613,-6,3
Contrato Marco,Colombia,Financiera,2020,3,Director Finanzas,Entrevista,Transformacion Digital,17,77,100,19,53,1265,506,-6,0
Daexs,Colombia,Financiera,2020,3,Manager Ventas,Entrevista,Transformacion Digital,10,19,44,89,40,554,817,-4,-7
ENTRENAMIENTO CEREBRAL,Colombia,Financiera,2020,3,Director Ventas,Entrevista,Transformacion Digital,11,79,41,85,54,621,522,-6,-8
Fiesta,Colombia,Financiera,2020,3,Director Operaciones,Entrevista,Transformacion Digital,70,8,46,43,41,635,465,-6,10
Holberton School Colombia,Colombia,Financiera,2020,3,Manager Operaciones,Entrevista,Transformacion Digital,25,34,85,94,59,1186,1225,-14,3
Movii,Colombia,Financiera,2020,3,Director Ventas,Entrevista,Transformacion Digital,94,92,99,39,81,1605,675,-3,-8
Novo Payment,Colombia,Financiera,2020,3,CEO,Entrevista,Transformacion Digital,51,15,96,17,44,980,704,-5,-1
Platiti,Colombia,Financiera,2020,3,Otro,Entrevista,Transformacion Digital,83,83,40,71,69,485,746,-6,2
TekBees,Colombia,Financiera,2020,3,Director Operaciones,Entrevista,Transformacion Digital,44,93,56,100,73,441,897,-5,-8
Compania Industrial de Productos Agropecuarios,Colombia,Financiera,2020,3,Director Operaciones,Entrevista,Transformacion Digital,43,75,16,55,47,796,751,1,5
Hospital San Rafael de Facatativa,Colombia,Financiera,2020,3,Director TI,Entrevista,Transformacion Digital,82,70,86,77,78,1125,598,-7,4
Telefonica - Movistar,Colombia,Financiera,2020,3,Director TI,Entrevista,Transformacion Digital,42,17,43,61,40,831,766,-2,4
Nexsys de Centroamerica,RLA,Financiera,2020,3,Director TI,Entrevista,Transformacion Digital,81,43,88,79,72,614,785,-7,5
Farmaceutica Rodim,RLA,Financiera,2020,3,Director TI,Entrevista,Transformacion Digital,46,37,32,55,42,745,763,2,0
Unicomer,RLA,Financiera,2020,3,Manager TI,Entrevista,Transformacion Digital,65,22,18,14,29,803,570,-2,-1
Grant Thornton Guatemala,RLA,Financiera,2020,3,Manager TI,Entrevista,Transformacion Digital,82,23,65,19,47,1064,810,-3,1
Ahorra Seguros,Mexico,Financiera,2020,3,Director TI,Entrevista,Transformacion Digital,51,94,79,61,71,1148,851,-18,4
Aspiria,Mexico,Financiera,2020,3,CIO,Entrevista,Transformacion Digital,25,38,27,80,42,621,1334,-13,9
Auto Chilango,Mexico,Financiera,2020,3,Director TI,Entrevista,Transformacion Digital,30,56,27,83,49,1470,990,-3,-4
Circulo de Credito,Mexico,Financiera,2020,3,CEO,Entrevista,Transformacion Digital,59,99,84,40,70,1084,404,-8,3
Clip,Mexico,Financiera,2020,3,CIO,Entrevista,Transformacion Digital,92,44,66,69,67,757,731,-5,4
Enconta,Mexico,Financiera,2020,3,Manager Operaciones,Entrevista,Transformacion Digital,89,31,79,66,66,621,905,-15,9
EXPERT CLOUD ONE,Mexico,Financiera,2020,3,CIO,Entrevista,Transformacion Digital,64,20,74,9,41,1130,502,-3,4
Feenicia,Mexico,Financiera,2020,3,Director Ventas,Entrevista,Transformacion Digital,78,63,41,76,64,581,655,-1,5
Linio Group,Mexico,Financiera,2020,3,Manager TI,Entrevista,Transformacion Digital,48,17,57,73,48,742,479,-6,-9
MassChallenge Mexico,Mexico,Financiera,2020,3,CIO,Entrevista,Transformacion Digital,95,39,27,15,44,659,738,-4,-2
Mimoni,Mexico,Financiera,2020,3,Manager TI,Entrevista,Transformacion Digital,82,89,31,90,73,780,703,-6,0
Rentdis,Mexico,Financiera,2020,3,CIO,Entrevista,Transformacion Digital,26,85,65,34,52,799,503,-7,-6
Saldo,Mexico,Financiera,2020,3,CIO,Entrevista,Transformacion Digital,59,15,61,62,49,1009,609,-15,0
Tienda Pago,Mexico,Financiera,2020,3,Manager Ventas,Entrevista,Transformacion Digital,24,5,85,81,48,1044,540,-13,-1
Tolk,Mexico,Financiera,2020,3,Manager Operaciones,Entrevista,Transformacion Digital,57,76,49,33,53,1177,486,-10,-11
Visoor,Mexico,Financiera,2020,3,Director Operaciones,Entrevista,Transformacion Digital,100,16,61,4,45,727,334,-15,4
Qualitas compania de seguros,Mexico,Financiera,2020,3,Director TI,Entrevista,Transformacion Digital,24,22,67,77,47,745,685,-6,7
MVS Radio,Mexico,Financiera,2020,3,CEO,Entrevista,Transformacion Digital,50,52,18,29,37,600,842,-8,2
Makymat,Mexico,Financiera,2020,3,Director TI,Entrevista,Transformacion Digital,60,71,39,76,61,1009,935,3,2
"Seguros El Potosi, S.A.",Mexico,Financiera,2020,3,Manager Ventas,Entrevista,Transformacion Digital,40,88,73,58,64,625,766,-2,5
Banamex,Mexico,Financiera,2020,3,CIO,Entrevista,Transformacion Digital,15,39,66,23,35,996,835,-6,5
Banco General,RLA,Financiera,2020,3,Director Operaciones,Entrevista,Transformacion Digital,53,72,81,18,56,1062,849,-3,5
Andy,Peru,Financiera,2020,3,Director Ventas,Entrevista,Transformacion Digital,44,91,17,80,58,653,482,-5,1
Apurata,Peru,Financiera,2020,3,Otro,Entrevista,Transformacion Digital,56,6,97,77,59,1400,626,-13,-10
Assessor,Peru,Financiera,2020,3,Manager TI,Entrevista,Transformacion Digital,30,46,82,56,53,778,543,-3,-12
Chapa Cash,Peru,Financiera,2020,3,Director Finanzas,Entrevista,Transformacion Digital,62,63,49,13,46,1034,400,-7,8
Cobin,Peru,Financiera,2020,3,Manager TI,Entrevista,Transformacion Digital,20,55,86,26,46,1638,425,-9,-6
Factoring Total,Peru,Financiera,2020,3,Manager TI,Entrevista,Transformacion Digital,32,7,50,34,30,917,654,-5,-12
Fastura,Peru,Financiera,2020,3,Director TI,Entrevista,Transformacion Digital,34,77,50,54,53,440,932,-3,3
Incapital Inversiones y Capitales,Peru,Financiera,2020,3,Director TI,Entrevista,Transformacion Digital,21,56,42,10,32,522,297,-13,-4
Mi Credit Peru,Peru,Financiera,2020,3,Director Operaciones,Entrevista,Transformacion Digital,8,60,64,14,36,577,544,-15,-5
Pagadespues,Peru,Financiera,2020,3,CIO,Entrevista,Transformacion Digital,68,22,79,48,54,1595,712,-2,7
Sofila,Peru,Financiera,2020,3,CIO,Entrevista,Transformacion Digital,60,63,35,29,46,468,368,-3,-11
Tukuy,Peru,Financiera,2020,3,Director TI,Entrevista,Transformacion Digital,15,33,63,100,52,838,942,-2,7
Quad Graphics,Peru,Financiera,2020,3,Director Finanzas,Entrevista,Transformacion Digital,89,42,28,28,46,843,542,-6,2
SUNAT,Peru,Financiera,2020,3,Manager Operaciones,Entrevista,Transformacion Digital,58,67,50,27,50,634,872,-5,1
Banbif,Peru,Financiera,2020,3,Director Finanzas,Entrevista,Transformacion Digital,17,74,23,66,45,774,807,-1,7
DGII,RLA,Financiera,2020,3,Manager TI,Entrevista,Transformacion Digital,23,86,83,50,60,1062,857,-6,5
Asociacion Peravia de Ahorros y Prestamos,RLA,Financiera,2020,3,Director TI,Entrevista,Transformacion Digital,14,27,51,35,31,798,609,-1,1
VIPPO,RLA,Financiera,2020,3,Director Ventas,Entrevista,Transformacion Digital,83,66,33,39,55,620,394,-4,3
CambioAR,Argentina,Manufactura,2020,3,Manager Operaciones,Entrevista,Transformacion Digital,52,73,8,29,40,1445,511,-10,3
Doers,Argentina,Manufactura,2020,3,Director TI,Entrevista,Transformacion Digital,35,24,54,34,36,767,495,-15,-6
Global Processing S.A.,Argentina,Manufactura,2020,3,CIO,Entrevista,Transformacion Digital,5,3,25,33,16,617,1098,-15,2
Grupokonstruir,Argentina,Manufactura,2020,3,Manager TI,Entrevista,Transformacion Digital,6,82,8,29,31,281,528,-16,10
Increasecard,Argentina,Manufactura,2020,3,CIO,Entrevista,Transformacion Digital,83,13,61,41,49,848,564,-8,-6
Invuelto,Argentina,Manufactura,2020,3,Manager Ventas,Entrevista,Transformacion Digital,25,75,42,84,56,923,1159,-16,7
Motormax,Argentina,Manufactura,2020,3,Director TI,Entrevista,Transformacion Digital,23,61,21,12,29,1028,413,-14,-9
Poincenot,Argentina,Manufactura,2020,3,Manager TI,Entrevista,Transformacion Digital,29,74,14,30,36,470,615,-1,8
Siembro,Argentina,Manufactura,2020,3,Manager Operaciones,Entrevista,Transformacion Digital,31,29,65,81,51,510,976,-9,2
Sumar Inversion,Argentina,Manufactura,2020,3,CIO,Entrevista,Transformacion Digital,32,48,30,86,49,453,1193,-14,2
Syncromind,Argentina,Manufactura,2020,3,Manager TI,Entrevista,Transformacion Digital,67,7,19,11,26,710,357,1,-5
Yecas,Argentina,Manufactura,2020,3,Director TI,Entrevista,Transformacion Digital,69,51,19,10,37,739,462,-9,4
ASAAS,Brasil,Manufactura,2020,3,CIO,Entrevista,Transformacion Digital,6,73,81,61,55,1372,501,1,8
Bom Pra Credito,Brasil,Manufactura,2020,3,Manager TI,Entrevista,Transformacion Digital,33,99,32,13,44,597,546,-10,-1
CapRate,Brasil,Manufactura,2020,3,Manager Operaciones,Entrevista,Transformacion Digital,23,45,95,84,61,1279,867,-11,9
Credmobi,Brasil,Manufactura,2020,3,CIO,Entrevista,Transformacion Digital,84,51,79,19,58,684,492,-6,-8
Dharma,Brasil,Manufactura,2020,3,Director TI,Entrevista,Transformacion Digital,57,80,86,22,61,914,642,-11,-7
IDwall,Brasil,Manufactura,2020,3,CIO,Entrevista,Transformacion Digital,83,63,22,64,58,691,690,-8,7
Kovi,Brasil,Manufactura,2020,3,CIO,Entrevista,Transformacion Digital,21,84,27,64,49,654,797,-9,9
MinniS,Brasil,Manufactura,2020,3,CIO,Entrevista,Transformacion Digital,10,10,31,68,29,475,779,-3,9
MODIAX,Brasil,Manufactura,2020,3,CIO,Entrevista,Transformacion Digital,28,81,73,37,54,835,387,-14,-7
Osayk,Brasil,Manufactura,2020,3,Director TI,Entrevista,Transformacion Digital,50,5,79,94,57,932,1018,-11,-5
OSPA,Brasil,Manufactura,2020,3,CIO,Entrevista,Transformacion Digital,85,57,67,60,67,1025,746,-2,-9
PagPop,Brasil,Manufactura,2020,3,Director Finanzas,Entrevista,Transformacion Digital,30,20,50,52,38,388,745,-13,-12
QuintoAndar,Brasil,Manufactura,2020,3,Manager Ventas,Entrevista,Transformacion Digital,25,59,30,79,48,224,768,-14,5
Sensix Agro,Brasil,Manufactura,2020,3,Manager Ventas,Entrevista,Transformacion Digital,71,9,44,2,31,729,534,-15,6
Warren Brasil,Brasil,Manufactura,2020,3,CEO,Entrevista,Transformacion Digital,56,27,15,26,31,406,841,-5,5
Alfi,Chile,Manufactura,2020,3,Director Ventas,Entrevista,Transformacion Digital,83,55,61,43,60,906,692,-8,-7
Cryptomarket,Chile,Manufactura,2020,3,Director Operaciones,Entrevista,Transformacion Digital,68,62,89,66,71,1055,905,-10,-6
Finvox,Chile,Manufactura,2020,3,Director Finanzas,Entrevista,Transformacion Digital,24,13,98,24,39,1090,707,-15,-8
ILB Company,Chile,Manufactura,2020,3,CIO,Entrevista,Transformacion Digital,19,97,83,39,59,1221,537,-14,-9
IT Process SpA,Chile,Manufactura,2020,3,Director Finanzas,Entrevista,Transformacion Digital,100,59,49,68,69,609,588,-1,8
Pago 46,Chile,Manufactura,2020,3,Director TI,Entrevista,Transformacion Digital,47,50,88,31,54,999,706,-7,-3
Qvo,Chile,Manufactura,2020,3,Manager Operaciones,Entrevista,Transformacion Digital,79,75,7,4,41,659,498,-3,-7
Simple DTE,Chile,Manufactura,2020,3,Manager Operaciones,Entrevista,Transformacion Digital,46,22,73,59,50,665,657,-3,-10
Banco de Chile,Chile,Manufactura,2020,3,Manager TI,Entrevista,Transformacion Digital,44,70,77,36,56,837,603,3,3
Aguas Andinas,Chile,Manufactura,2020,3,Director TI,Entrevista,Transformacion Digital,24,88,46,84,60,1004,893,-7,1
Bankamoda,Colombia,Manufactura,2020,3,Manager Ventas,Entrevista,Transformacion Digital,39,10,84,41,43,1359,405,-4,-11
bitmall,Colombia,Manufactura,2020,3,Director TI,Entrevista,Transformacion Digital,38,54,46,22,40,1058,362,-15,1
Finaktiva,Colombia,Manufactura,2020,3,Director Finanzas,Entrevista,Transformacion Digital,16,46,31,46,34,683,678,-1,-9
Garantias Comunitarias,Colombia,Manufactura,2020,3,CIO,Entrevista,Transformacion Digital,28,60,21,10,29,425,510,-14,-1
Go Socket,Colombia,Manufactura,2020,3,Director TI,Entrevista,Transformacion Digital,36,12,62,21,32,791,504,-9,-5
Kupi,Colombia,Manufactura,2020,3,Manager Ventas,Entrevista,Transformacion Digital,32,63,96,58,62,1433,633,0,-1
Minka,Colombia,Manufactura,2020,3,Director TI,Entrevista,Transformacion Digital,27,48,90,76,60,1390,1147,-8,6
Prosol,Colombia,Manufactura,2020,3,CIO,Entrevista,Transformacion Digital,27,64,22,96,52,503,1025,-13,7
Taximo,Colombia,Manufactura,2020,3,Manager TI,Entrevista,Transformacion Digital,30,88,28,9,38,409,384,-5,0
Transfiriendo,Colombia,Manufactura,2020,3,Director Operaciones,Entrevista,Transformacion Digital,9,97,74,3,45,1059,449,-6,-6
Tributi,Colombia,Manufactura,2020,3,Otro,Entrevista,Transformacion Digital,22,33,7,24,21,401,588,-6,2
Valiu,Colombia,Manufactura,2020,3,Manager Operaciones,Entrevista,Transformacion Digital,17,38,76,7,34,954,399,-10,1
CI DISAN SA,Colombia,Manufactura,2020,3,Director Operaciones,Entrevista,Transformacion Digital,66,44,88,66,66,1083,795,-8,-1
Banco Mundo Mujer - BMM,Colombia,Manufactura,2020,3,Manager Ventas,Entrevista,Transformacion Digital,45,24,18,20,26,751,822,-7,7
Telefonica - Movistar,Colombia,Manufactura,2020,3,Manager TI,Entrevista,Transformacion Digital,40,60,47,48,48,707,563,-4,7
Cruz Roja Colombiana,Colombia,Manufactura,2020,3,Director TI,Entrevista,Transformacion Digital,39,72,83,55,62,832,851,0,7
Produbanco,RLA,Manufactura,2020,3,CEO,Entrevista,Transformacion Digital,42,25,42,87,49,943,649,1,7
Otecel s.a.,RLA,Manufactura,2020,3,Manager TI,Entrevista,Transformacion Digital,28,47,83,77,58,800,640,-5,2
CNT EP,RLA,Manufactura,2020,3,Director Operaciones,Entrevista,Transformacion Digital,86,55,24,86,62,914,738,2,5
ai360,Mexico,Manufactura,2020,3,CIO,Entrevista,Transformacion Digital,16,54,63,50,45,816,380,-1,-8
Avante,Mexico,Manufactura,2020,3,Director Ventas,Entrevista,Transformacion Digital,61,35,15,7,29,253,406,-5,-1
BCP Global,Mexico,Manufactura,2020,3,Manager Operaciones,Entrevista,Transformacion Digital,8,99,43,22,43,430,679,-16,-7
Blumon Pay,Mexico,Manufactura,2020,3,CIO,Entrevista,Transformacion Digital,74,91,39,60,66,782,928,-8,5
Cacao,Mexico,Manufactura,2020,3,Manager Ventas,Entrevista,Transformacion Digital,59,16,22,60,39,432,755,-5,6
contarte.mx,Mexico,Manufactura,2020,3,Director Operaciones,Entrevista,Transformacion Digital,50,33,58,13,38,797,361,0,6
Crabi,Mexico,Manufactura,2020,3,CEO,Entrevista,Transformacion Digital,48,77,44,25,48,416,636,-7,3
Credencial,Mexico,Manufactura,2020,3,CIO,Entrevista,Transformacion Digital,45,94,53,78,67,1108,552,-16,-6
CrowdSocios,Mexico,Manufactura,2020,3,Director Ventas,Entrevista,Transformacion Digital,31,13,72,15,32,1148,422,-4,-6
EFISYS,Mexico,Manufactura,2020,3,Director Finanzas,Entrevista,Transformacion Digital,90,42,20,52,51,472,548,-16,-5
ePlata,Mexico,Manufactura,2020,3,Director Finanzas,Entrevista,Transformacion Digital,94,23,76,52,61,905,685,-15,8
LenddoEFL,Mexico,Manufactura,2020,3,Director Operaciones,Entrevista,Transformacion Digital,100,19,18,91,57,940,803,-2,-4
moyoAi,Mexico,Manufactura,2020,3,Director Operaciones,Entrevista,Transformacion Digital,94,45,97,60,74,981,887,-9,-12
Payit,Mexico,Manufactura,2020,3,Manager Operaciones,Entrevista,Transformacion Digital,31,34,24,86,43,663,1096,-2,8
Quincen Lana,Mexico,Manufactura,2020,3,Manager Operaciones,Entrevista,Transformacion Digital,90,7,36,62,48,593,867,-12,0
Red Kobra,Mexico,Manufactura,2020,3,CEO,Entrevista,Transformacion Digital,30,63,23,89,51,458,878,-2,-11
Regtech Legal Advice,Mexico,Manufactura,2020,3,Manager TI,Entrevista,Transformacion Digital,4,89,22,84,49,373,1135,-11,8
Tiaxa,Mexico,Manufactura,2020,3,Director Finanzas,Entrevista,Transformacion Digital,26,16,100,26,42,1282,529,-12,-3
Toka,Mexico,Manufactura,2020,3,Manager Ventas,Entrevista,Transformacion Digital,45,66,18,27,39,336,420,-17,-6
Tudecide.com,Mexico,Manufactura,2020,3,Manager TI,Entrevista,Transformacion Digital,19,32,51,43,36,1140,418,-10,8
Xpectare,Mexico,Manufactura,2020,3,Manager TI,Entrevista,Transformacion Digital,49,21,10,41,30,280,684,-4,-9
Gentera,Mexico,Manufactura,2020,3,Director Operaciones,Entrevista,Transformacion Digital,69,28,82,54,58,721,846,-6,1
John Deere Mexico,Mexico,Manufactura,2020,3,Manager TI,Entrevista,Transformacion Digital,29,38,64,26,39,916,485,-5,6
Lockton,Mexico,Manufactura,2020,3,Director TI,Entrevista,Transformacion Digital,76,34,26,66,50,772,897,1,4
Grupo Salinas,Mexico,Manufactura,2020,3,Director Finanzas,Entrevista,Transformacion Digital,42,85,57,25,52,578,778,-8,2
Gobierno del Estado de Mexico,Mexico,Manufactura,2020,3,Otro,Entrevista,Transformacion Digital,21,78,29,63,47,602,422,-1,3
Eurobits,Mexico,Manufactura,2020,3,Otro,Entrevista,Transformacion Digital,78,30,39,23,42,624,383,-3,-6
Cambista,Peru,Manufactura,2020,3,Manager Ventas,Entrevista,Transformacion Digital,3,52,100,9,41,891,319,-13,-5
Expert One SAP,Peru,Manufactura,2020,3,Manager TI,Entrevista,Transformacion Digital,81,59,19,25,46,584,394,-13,2
Factoring Lab,Peru,Manufactura,2020,3,CIO,Entrevista,Transformacion Digital,65,27,5,50,36,1154,764,-4,-3
Ignis Ventas,Peru,Manufactura,2020,3,Director TI,Entrevista,Transformacion Digital,95,4,19,100,54,451,1299,-8,8
Ligo,Peru,Manufactura,2020,3,CEO,Entrevista,Transformacion Digital,67,20,44,50,45,727,715,-12,-6
Tukuy Club,Peru,Manufactura,2020,3,CIO,Entrevista,Transformacion Digital,44,90,89,41,66,1209,381,-13,2
SAV,Peru,Manufactura,2020,3,Manager TI,Entrevista,Transformacion Digital,87,69,36,71,65,661,851,-4,6
Interbank,Peru,Manufactura,2020,3,Director TI,Entrevista,Transformacion Digital,63,56,55,37,52,1091,718,-2,7
Corex,Peru,Manufactura,2020,3,Director Ventas,Entrevista,Transformacion Digital,67,68,81,23,59,780,949,-4,-1
DGII,RLA,Manufactura,2020,3,Manager TI,Entrevista,Transformacion Digital,29,78,83,85,68,971,924,-4,6
PayPhone,RLA,Manufactura,2020,3,Manager Operaciones,Entrevista,Transformacion Digital,17,53,28,35,33,689,383,-1,11
PedidosYa,RLA,Manufactura,2020,3,Director Operaciones,Entrevista,Transformacion Digital,48,52,70,12,45,686,443,-15,5
Regum,RLA,Manufactura,2020,3,Director TI,Entrevista,Transformacion Digital,4,36,29,81,37,528,523,-10,2
B.trader,Argentina,Servicios,2020,3,Director Finanzas,Entrevista,Transformacion Digital,62,52,51,50,53,434,303,-9,-5
BDO,Argentina,Servicios,2020,3,Director Ventas,Entrevista,Transformacion Digital,45,20,46,36,36,821,320,-13,-8
COCO MARKET,Argentina,Servicios,2020,3,CIO,Entrevista,Transformacion Digital,29,22,19,37,26,415,418,-9,-1
Flexibility,Argentina,Servicios,2020,3,Otro,Entrevista,Transformacion Digital,83,38,31,51,50,623,350,-1,-6
Uala,Argentina,Servicios,2020,3,Director TI,Entrevista,Transformacion Digital,43,14,49,74,45,550,686,-16,3
Ali Credito,Brasil,Servicios,2020,3,Director Operaciones,Entrevista,Transformacion Digital,26,33,30,71,40,405,732,-8,7
Bart.Digital,Brasil,Servicios,2020,3,Manager Operaciones,Entrevista,Transformacion Digital,22,44,70,35,42,702,314,-13,5
Compara Online Servicos De Informatica,Brasil,Servicios,2020,3,Director Operaciones,Entrevista,Transformacion Digital,69,33,61,77,60,889,465,-15,-1
Conta Azul,Brasil,Servicios,2020,3,Manager Ventas,Entrevista,Transformacion Digital,43,28,25,53,37,465,882,-15,-12
Creditas,Brasil,Servicios,2020,3,CIO,Entrevista,Transformacion Digital,51,85,52,49,59,692,495,-13,-1
Creditoo,Brasil,Servicios,2020,3,Director TI,Entrevista,Transformacion Digital,59,28,56,80,55,824,1073,-9,-6
Doutor123,Brasil,Servicios,2020,3,Manager TI,Entrevista,Transformacion Digital,13,38,8,35,23,627,458,-4,-6
Konkero,Brasil,Servicios,2020,3,Manager TI,Entrevista,Transformacion Digital,73,41,73,33,55,1282,377,-16,5
Melhortaxa,Brasil,Servicios,2020,3,Director TI,Entrevista,Transformacion Digital,76,65,95,4,60,1245,514,-4,4
Stone,Brasil,Servicios,2020,3,Director TI,Entrevista,Transformacion Digital,9,15,50,76,37,400,694,-2,5
Tecnopuc,Brasil,Servicios,2020,3,Director Ventas,Entrevista,Transformacion Digital,86,79,60,75,75,1111,361,-10,-7
triunfei.com,Brasil,Servicios,2020,3,CIO,Entrevista,Transformacion Digital,88,99,18,83,72,481,925,-14,1
Vindi,Brasil,Servicios,2020,3,Manager Operaciones,Entrevista,Transformacion Digital,100,18,70,17,51,817,598,-14,5
XMultas,Brasil,Servicios,2020,3,CIO,Entrevista,Transformacion Digital,50,52,14,55,42,480,795,-10,1
Amipass,Chile,Servicios,2020,3,Manager Operaciones,Entrevista,Transformacion Digital,96,12,86,96,72,761,993,-15,-9
Besafe Inversiones,Chile,Servicios,2020,3,CEO,Entrevista,Transformacion Digital,12,9,100,58,44,1087,332,-12,0
Duemint,Chile,Servicios,2020,3,Director TI,Entrevista,Transformacion Digital,100,79,15,61,63,253,591,-12,8
Media Trends Group,Chile,Servicios,2020,3,Manager TI,Entrevista,Transformacion Digital,93,54,47,14,52,509,524,-9,-6
Orionx.com,Chile,Servicios,2020,3,Manager TI,Entrevista,Transformacion Digital,41,76,59,96,68,683,820,-10,-1
Paga Ya,Chile,Servicios,2020,3,Director TI,Entrevista,Transformacion Digital,50,14,60,76,50,1111,639,-4,0
SecSignal,Chile,Servicios,2020,3,Director TI,Entrevista,Transformacion Digital,87,99,32,26,61,602,768,-3,6
Singular Banking,Chile,Servicios,2020,3,Director Ventas,Entrevista,Transformacion Digital,56,42,43,48,47,443,1048,-9,-8
2Trans Fair,Colombia,Servicios,2020,3,CIO,Entrevista,Transformacion Digital,58,56,70,56,60,723,790,-5,-4
Aflore,Colombia,Servicios,2020,3,Manager TI,Entrevista,Transformacion Digital,97,29,58,39,55,738,509,-13,-12
Athena Bitcoin,Colombia,Servicios,2020,3,Manager TI,Entrevista,Transformacion Digital,73,100,73,35,70,790,522,-9,6
Beriblock,Colombia,Servicios,2020,3,Otro,Entrevista,Transformacion Digital,55,28,28,29,35,423,572,-12,1
Compara Mejor,Colombia,Servicios,2020,3,Director TI,Entrevista,Transformacion Digital,38,13,75,38,41,843,689,-9,8
Credissimo,Colombia,Servicios,2020,3,Director TI,Entrevista,Transformacion Digital,67,39,66,46,54,298,559,-12,1
Guia TIC,Colombia,Servicios,2020,3,Director TI,Entrevista,Transformacion Digital,57,83,100,40,70,1094,703,-14,-8
Gulungo,Colombia,Servicios,2020,3,Director Ventas,Entrevista,Transformacion Digital,79,13,11,70,43,396,646,-6,-3
Iproveedor,Colombia,Servicios,2020,3,Director Ventas,Entrevista,Transformacion Digital,29,100,85,81,73,790,938,-8,1
MO Tecnologias,Colombia,Servicios,2020,3,Director TI,Entrevista,Transformacion Digital,58,80,64,16,54,877,739,-6,-3
Punto Red,Colombia,Servicios,2020,3,Director TI,Entrevista,Transformacion Digital,99,34,57,93,70,881,1011,-17,-8
TowerTech,Colombia,Servicios,2020,3,Director Ventas,Entrevista,Transformacion Digital,10,31,41,78,40,376,584,-11,-6
Coomeva Unidad de Transformacion e Innovacion,Colombia,Servicios,2020,3,Manager Ventas,Entrevista,Transformacion Digital,48,49,23,67,46,1107,840,-3,3
Banco Pichincha,Colombia,Servicios,2020,3,Director Ventas,Entrevista,Transformacion Digital,55,69,13,70,51,1008,816,-4,0
Fanalca S.A.,Colombia,Servicios,2020,3,Director Finanzas,Entrevista,Transformacion Digital,50,11,60,72,48,640,491,-3,1
Mediprocesos de Honduras,RLA,Servicios,2020,3,CIO,Entrevista,Transformacion Digital,41,48,29,22,35,808,499,-4,-1
Aquistar,Mexico,Servicios,2020,3,CEO,Entrevista,Transformacion Digital,42,84,19,14,39,279,716,-9,6
Ark Fund,Mexico,Servicios,2020,3,CIO,Entrevista,Transformacion Digital,68,36,87,81,68,693,783,-13,4
Belvo,Mexico,Servicios,2020,3,Director Finanzas,Entrevista,Transformacion Digital,16,9,54,45,31,750,337,-8,-8
CellPay,Mexico,Servicios,2020,3,Director Ventas,Entrevista,Transformacion Digital,53,14,88,6,40,1263,487,-5,5
Comparale,Mexico,Servicios,2020,3,Director Finanzas,Entrevista,Transformacion Digital,95,50,12,52,52,403,606,-6,-1
Creditea,Mexico,Servicios,2020,3,Manager TI,Entrevista,Transformacion Digital,53,21,82,22,44,1652,1246,-4,9
Doopla,Mexico,Servicios,2020,3,CIO,Entrevista,Transformacion Digital,11,60,13,15,24,378,568,-12,-4
Everbots,Mexico,Servicios,2020,3,CEO,Entrevista,Transformacion Digital,9,33,33,96,42,790,891,-3,5
Facturapi,Mexico,Servicios,2020,3,CIO,Entrevista,Transformacion Digital,80,15,90,38,55,1157,515,-14,3
Facturedo,Mexico,Servicios,2020,3,Manager TI,Entrevista,Transformacion Digital,82,30,67,77,64,737,1099,-14,-5
Finbitz,Mexico,Servicios,2020,3,Manager Ventas,Entrevista,Transformacion Digital,34,98,38,59,57,545,580,-2,1
Id Finance,Mexico,Servicios,2020,3,Otro,Entrevista,Transformacion Digital,35,55,100,29,54,1648,568,-5,-8
Kredicity,Mexico,Servicios,2020,3,Manager TI,Entrevista,Transformacion Digital,35,22,100,62,54,1314,938,-10,0
Kuspit,Mexico,Servicios,2020,3,Manager Ventas,Entrevista,Transformacion Digital,68,19,87,16,47,1098,623,-15,-4
Lumbrera,Mexico,Servicios,2020,3,CIO,Entrevista,Transformacion Digital,20,78,71,76,61,789,1400,-17,10
Pm2,Mexico,Servicios,2020,3,CIO,Entrevista,Transformacion Digital,66,42,47,100,63,694,756,-6,-5
Recaudia,Mexico,Servicios,2020,3,Director Finanzas,Entrevista,Transformacion Digital,50,5,22,71,37,1528,576,-8,-5
Smart Lending,Mexico,Servicios,2020,3,Otro,Entrevista,Transformacion Digital,79,72,16,13,45,311,726,0,7
Tala,Mexico,Servicios,2020,3,Director TI,Entrevista,Transformacion Digital,13,57,50,21,35,499,437,-15,-7
UBCubo,Mexico,Servicios,2020,3,Manager TI,Entrevista,Transformacion Digital,49,99,21,80,62,415,983,-3,2
John Deere Mexico,Mexico,Servicios,2020,3,CIO,Entrevista,Transformacion Digital,35,33,72,16,39,951,706,-3,2
Markymat,Mexico,Servicios,2020,3,CIO,Entrevista,Transformacion Digital,26,36,58,21,35,903,541,-7,3
Category Ideas S.C.,Mexico,Servicios,2020,3,Manager Operaciones,Entrevista,Transformacion Digital,52,33,67,68,55,812,453,-6,5
PiP Latam,Mexico,Servicios,2020,3,CIO,Entrevista,Transformacion Digital,49,76,80,23,57,847,606,1,0
Aseguralo,Peru,Servicios,2020,3,Manager TI,Entrevista,Transformacion Digital,30,25,27,72,38,556,667,-3,-2
Culqui,Peru,Servicios,2020,3,Manager Ventas,Entrevista,Transformacion Digital,70,25,36,57,47,426,658,-1,-5
Finanzas con O' alone,Peru,Servicios,2020,3,Manager Ventas,Entrevista,Transformacion Digital,71,33,87,46,59,1480,499,-16,5
Helpers S.A.C,Peru,Servicios,2020,3,Manager Operaciones,Entrevista,Transformacion Digital,31,32,54,9,31,798,741,-3,-2
MiBolsillo,Peru,Servicios,2020,3,Director Finanzas,Entrevista,Transformacion Digital,47,43,36,81,51,1183,634,-4,-4
Prestamype,Peru,Servicios,2020,3,Director TI,Entrevista,Transformacion Digital,37,79,78,33,56,828,381,-12,6
Rextie,Peru,Servicios,2020,3,CIO,Entrevista,Transformacion Digital,42,70,46,8,41,1067,417,-11,-11
Trueki,Peru,Servicios,2020,3,Director TI,Entrevista,Transformacion Digital,47,100,43,20,52,1195,426,-14,-4
ADC Movil,RLA,Servicios,2020,3,CIO,Entrevista,Transformacion Digital,21,37,30,58,36,387,1103,-1,5
Devsu,RLA,Servicios,2020,3,Manager TI,Entrevista,Transformacion Digital,74,68,90,23,63,952,440,-13,-7
GlobalPay Solutions,RLA,Servicios,2020,3,Manager TI,Entrevista,Transformacion Digital,51,38,27,36,38,664,273,-11,-9
Inversionate,RLA,Servicios,2020,3,Director Operaciones,Entrevista,Transformacion Digital,30,8,29,17,21,282,972,-9,-3
Banco Exterior,RLA,Servicios,2020,3,CIO,Entrevista,Transformacion Digital,44,83,52,37,54,682,664,3,3
C6 Bank,Brasil,Tecnologias,2020,3,Director Finanzas,Entrevista,Transformacion Digital,94,83,76,99,88,991,727,-1,6
BIND,Argentina,Tecnologias,2020,3,CIO,Entrevista,Transformacion Digital,68,97,84,80,82,838,1105,-17,-2
BitInka,Argentina,Tecnologias,2020,3,Manager TI,Entrevista,Transformacion Digital,73,84,69,14,60,792,527,-8,-5
Buenbit,Argentina,Tecnologias,2020,3,Director TI,Entrevista,Transformacion Digital,53,89,59,27,57,778,535,-16,-2
Contabilium,Argentina,Tecnologias,2020,3,Manager Operaciones,Entrevista,Transformacion Digital,100,90,31,100,80,813,1134,-8,2
Gosur,Argentina,Tecnologias,2020,3,CIO,Entrevista,Transformacion Digital,77,44,17,55,48,331,656,-13,3
MOON Money Online,Argentina,Tecnologias,2020,3,CIO,Entrevista,Transformacion Digital,64,92,62,100,79,765,1157,-2,10
PaySur,Argentina,Tecnologias,2020,3,Director Ventas,Entrevista,Transformacion Digital,38,92,21,75,56,592,768,-14,10
Poincenot Technology Studio,Argentina,Tecnologias,2020,3,Director TI,Entrevista,Transformacion Digital,57,100,71,90,79,848,948,-3,-6
Punto Rojo,Argentina,Tecnologias,2020,3,Director Ventas,Entrevista,Transformacion Digital,7,40,86,93,56,1315,1005,-7,6
Solventa,Argentina,Tecnologias,2020,3,Manager TI,Entrevista,Transformacion Digital,59,19,67,40,46,1108,520,-4,-8
Team Quality,Argentina,Tecnologias,2020,3,Director TI,Entrevista,Transformacion Digital,85,54,30,48,54,487,678,-8,1
Wilobank,Argentina,Tecnologias,2020,3,CIO,Entrevista,Transformacion Digital,16,7,97,60,45,1552,659,-2,1
BCRA,Argentina,Tecnologias,2020,3,CIO,Entrevista,Transformacion Digital,26,22,80,77,51,874,757,-1,3
ABCD,Brasil,Tecnologias,2020,3,Manager TI,Entrevista,Transformacion Digital,67,57,68,68,65,1158,690,-1,-2
Cobli,Brasil,Tecnologias,2020,3,Director TI,Entrevista,Transformacion Digital,83,90,78,15,66,1030,323,0,-8
finpass,Brasil,Tecnologias,2020,3,Director Ventas,Entrevista,Transformacion Digital,69,26,40,100,58,637,1056,-7,1
Ingage Digital,Brasil,Tecnologias,2020,3,CIO,Entrevista,Transformacion Digital,23,81,25,68,49,710,580,-5,0
Kria,Brasil,Tecnologias,2020,3,Director TI,Entrevista,Transformacion Digital,87,84,13,100,71,603,938,-8,1
Omie,Brasil,Tecnologias,2020,3,Director TI,Entrevista,Transformacion Digital,44,37,42,58,45,628,680,-4,3
Quanto,Brasil,Tecnologias,2020,3,Director Finanzas,Entrevista,Transformacion Digital,9,76,100,17,50,1348,274,-10,-9
Raffcom,Brasil,Tecnologias,2020,3,Director Operaciones,Entrevista,Transformacion Digital,81,93,34,24,58,730,459,-10,3
Suppliercard,Brasil,Tecnologias,2020,3,Manager TI,Entrevista,Transformacion Digital,57,56,65,85,65,700,963,-4,3
Trigg Brasil,Brasil,Tecnologias,2020,3,CEO,Entrevista,Transformacion Digital,81,41,92,74,72,1194,741,-4,-10
Vakinha Internet,Brasil,Tecnologias,2020,3,Manager Ventas,Entrevista,Transformacion Digital,68,22,46,86,55,598,1126,-5,1
Ask Robin,Chile,Tecnologias,2020,3,Director TI,Entrevista,Transformacion Digital,36,92,99,27,63,1555,1202,-12,4
Ceptinel,Chile,Tecnologias,2020,3,Director Operaciones,Entrevista,Transformacion Digital,62,75,56,100,73,772,968,-3,-1
El Contenedor,Chile,Tecnologias,2020,3,Manager Operaciones,Entrevista,Transformacion Digital,96,58,48,60,65,511,509,-16,-9
Hack Metrix,Chile,Tecnologias,2020,3,Director Finanzas,Entrevista,Transformacion Digital,100,57,13,86,64,456,596,-14,3
Organizame,Chile,Tecnologias,2020,3,CIO,Entrevista,Transformacion Digital,6,82,75,70,58,1031,629,-4,9
Power Influencer,Chile,Tecnologias,2020,3,Director TI,Entrevista,Transformacion Digital,55,98,99,57,77,1095,290,-16,7
Diario Financiero,Chile,Tecnologias,2020,3,Manager Ventas,Entrevista,Transformacion Digital,71,69,36,71,61,752,849,-5,2
Addi,Colombia,Tecnologias,2020,3,Manager TI,Entrevista,Transformacion Digital,64,78,45,94,70,688,1149,-13,1
Alegra,Colombia,Tecnologias,2020,3,Director TI,Entrevista,Transformacion Digital,38,78,90,100,76,1318,1110,-15,-7
Aliatu,Colombia,Tecnologias,2020,3,Manager Ventas,Entrevista,Transformacion Digital,72,92,8,36,52,247,565,-10,7
BioCredit,Colombia,Tecnologias,2020,3,Manager TI,Entrevista,Transformacion Digital,19,24,46,100,47,530,963,-7,-8
Gulungo Colombia,Colombia,Tecnologias,2020,3,Director Operaciones,Entrevista,Transformacion Digital,91,99,96,12,74,1201,837,-12,4
iUCollect,Colombia,Tecnologias,2020,3,Otro,Entrevista,Transformacion Digital,39,45,73,79,59,1526,932,-2,-7
Makers Solutions,Colombia,Tecnologias,2020,3,Director TI,Entrevista,Transformacion Digital,5,22,92,26,36,1452,693,-14,-3
Presta Gente,Colombia,Tecnologias,2020,3,CIO,Entrevista,Transformacion Digital,88,100,28,41,64,832,948,-2,-2
SIX DEGREES IT,Colombia,Tecnologias,2020,3,Director Finanzas,Entrevista,Transformacion Digital,77,18,14,100,52,419,841,-10,4
Coomeva,Colombia,Tecnologias,2020,3,Director Ventas,Entrevista,Transformacion Digital,45,48,26,19,34,987,726,0,-1
Banco Mundo Mujer,Colombia,Tecnologias,2020,3,CIO,Entrevista,Transformacion Digital,69,25,42,89,56,746,468,-5,5
Proteccion S.A.,Colombia,Tecnologias,2020,3,CIO,Entrevista,Transformacion Digital,13,36,82,45,44,783,950,3,5
Totto,Colombia,Tecnologias,2020,3,CIO,Entrevista,Transformacion Digital,37,75,86,57,63,1091,774,3,1
Banco del Pacifico,RLA,Tecnologias,2020,3,Director Finanzas,Entrevista,Transformacion Digital,12,69,52,65,49,843,810,-6,5
Albo,Mexico,Tecnologias,2020,3,Manager TI,Entrevista,Transformacion Digital,46,85,63,50,61,338,565,-7,11
Alianza Corp,Mexico,Tecnologias,2020,3,Director Finanzas,Entrevista,Transformacion Digital,24,60,30,51,41,544,595,-2,-9
Bitso,Mexico,Tecnologias,2020,3,CIO,Entrevista,Transformacion Digital,70,35,53,78,59,569,682,-16,5
CLUPP,Mexico,Tecnologias,2020,3,Director TI,Entrevista,Transformacion Digital,32,87,92,62,68,1170,908,-11,-4
Cumplo,Mexico,Tecnologias,2020,3,Manager Operaciones,Entrevista,Transformacion Digital,49,90,94,25,64,307,660,-11,-8
Delfos Analytics,Mexico,Tecnologias,2020,3,Director Operaciones,Entrevista,Transformacion Digital,69,78,46,17,52,580,684,-11,7
Delta Protect,Mexico,Tecnologias,2020,3,Director Finanzas,Entrevista,Transformacion Digital,37,95,38,41,52,664,976,-4,2
Distrito Pyme,Mexico,Tecnologias,2020,3,CIO,Entrevista,Transformacion Digital,24,91,80,13,52,1402,685,-2,-1
ePesos,Mexico,Tecnologias,2020,3,Director Operaciones,Entrevista,Transformacion Digital,95,84,13,88,70,565,812,-11,-1
Expansive,Mexico,Tecnologias,2020,3,Director TI,Entrevista,Transformacion Digital,48,62,70,69,62,853,885,-9,-3
Finauta,Mexico,Tecnologias,2020,3,Manager Operaciones,Entrevista,Transformacion Digital,13,49,55,53,42,725,680,-10,-7
Fondify,Mexico,Tecnologias,2020,3,Manager TI,Entrevista,Transformacion Digital,65,41,86,84,69,1044,1100,-3,-8
Inverspot,Mexico,Tecnologias,2020,3,Director Finanzas,Entrevista,Transformacion Digital,84,14,13,33,36,243,392,-10,-10
Kueski,Mexico,Tecnologias,2020,3,Director Operaciones,Entrevista,Transformacion Digital,18,49,60,89,54,1112,939,-9,-5
minu,Mexico,Tecnologias,2020,3,Manager TI,Entrevista,Transformacion Digital,85,19,23,93,55,594,697,-9,-1
Monific,Mexico,Tecnologias,2020,3,Manager TI,Entrevista,Transformacion Digital,38,71,37,60,51,1064,555,-7,7
Pagamobil.com,Mexico,Tecnologias,2020,3,Manager TI,Entrevista,Transformacion Digital,13,40,65,40,39,672,446,-10,-10
Ubank,Mexico,Tecnologias,2020,3,CIO,Entrevista,Transformacion Digital,81,67,95,15,64,519,556,-3,-4
YOIN App,Mexico,Tecnologias,2020,3,CIO,Entrevista,Transformacion Digital,40,8,100,75,55,816,633,-14,9
John Deere,Mexico,Tecnologias,2020,3,CIO,Entrevista,Transformacion Digital,57,41,27,37,40,1006,595,-4,3
Mabe,Mexico,Tecnologias,2020,3,Manager Operaciones,Entrevista,Transformacion Digital,73,34,52,10,42,573,743,-1,-1
Universidad Digital del Estado de Mexico,Mexico,Tecnologias,2020,3,CIO,Entrevista,Transformacion Digital,20,11,64,26,30,661,441,0,7
Copa Airlines,RLA,Tecnologias,2020,3,Director Finanzas,Entrevista,Transformacion Digital,36,11,41,47,33,881,930,0,3
Ayllu Fintech,Peru,Tecnologias,2020,3,Director Operaciones,Entrevista,Transformacion Digital,87,16,68,99,67,717,862,-14,-4
CrediFace,Peru,Tecnologias,2020,3,Director TI,Entrevista,Transformacion Digital,92,100,79,61,83,807,546,-5,-7
Finsmart Peru,Peru,Tecnologias,2020,3,Director Operaciones,Entrevista,Transformacion Digital,99,29,73,44,61,860,555,-17,-3
Kapital Zocial,Peru,Tecnologias,2020,3,Director TI,Entrevista,Transformacion Digital,95,23,70,75,65,983,700,-7,-11
Mercania,Peru,Tecnologias,2020,3,Manager Operaciones,Entrevista,Transformacion Digital,39,100,56,35,57,902,561,-4,5
Tappoyo,Peru,Tecnologias,2020,3,CIO,Entrevista,Transformacion Digital,28,66,22,54,42,445,767,-14,-1
Perupetro,Peru,Tecnologias,2020,3,Manager TI,Entrevista,Transformacion Digital,51,15,54,34,38,644,845,2,2
Unafin,RLA,Tecnologias,2020,3,Director Ventas,Entrevista,Transformacion Digital,46,61,88,52,61,1650,550,-2,-10
The Winterbotham Trust Company,RLA,Tecnologias,2020,3,CIO,Entrevista,Transformacion Digital,57,29,30,90,51,777,423,-6,1
Banco Exterior,RLA,Tecnologias,2020,3,CIO,Entrevista,Transformacion Digital,35,75,46,59,53,1119,585,0,7
Apperto,Argentina,Telecom,2020,3,Director Finanzas,Entrevista,Transformacion Digital,40,96,100,30,66,1730,471,-4,0
Bitex,Argentina,Telecom,2020,3,CIO,Entrevista,Transformacion Digital,100,100,99,73,93,1289,723,-15,-4
Blah Box,Argentina,Telecom,2020,3,Manager TI,Entrevista,Transformacion Digital,95,91,51,49,71,581,376,-2,7
Colppy,Argentina,Telecom,2020,3,Manager TI,Entrevista,Transformacion Digital,16,30,100,71,54,928,508,-16,-2
Credility,Argentina,Telecom,2020,3,Manager TI,Entrevista,Transformacion Digital,49,40,93,100,70,1450,1060,-4,-3
Efectivo Ahora,Argentina,Telecom,2020,3,Director Operaciones,Entrevista,Transformacion Digital,77,31,32,67,51,565,910,-13,5
Eye Capital,Argentina,Telecom,2020,3,Director TI,Entrevista,Transformacion Digital,92,16,77,90,68,842,892,-3,-6
Linckard,Argentina,Telecom,2020,3,CIO,Entrevista,Transformacion Digital,64,91,55,99,77,1594,614,-11,-13
Portafolio personal inversiones,Argentina,Telecom,2020,3,Manager TI,Entrevista,Transformacion Digital,38,73,54,66,57,786,576,-7,3
Troopa,Argentina,Telecom,2020,3,Manager TI,Entrevista,Transformacion Digital,88,47,71,96,75,1056,1106,-8,2
VU Security,Argentina,Telecom,2020,3,Otro,Entrevista,Transformacion Digital,89,25,25,54,48,421,733,-15,5
Tribunales,Argentina,Telecom,2020,3,Manager Operaciones,Entrevista,Transformacion Digital,50,60,17,39,41,1096,559,-8,7
Farmacity,Argentina,Telecom,2020,3,Manager Ventas,Entrevista,Transformacion Digital,62,66,24,65,54,699,907,-4,6
AdsUp,Brasil,Telecom,2020,3,CIO,Entrevista,Transformacion Digital,68,48,82,36,58,953,694,-4,-1
Antecipa,Brasil,Telecom,2020,3,Director Operaciones,Entrevista,Transformacion Digital,100,91,48,62,75,1412,812,-14,6
Cointimes,Brasil,Telecom,2020,3,Manager TI,Entrevista,Transformacion Digital,59,24,66,84,58,812,682,-1,-8
Contabilizei,Brasil,Telecom,2020,3,Manager Operaciones,Entrevista,Transformacion Digital,30,40,72,64,51,933,978,-4,5
iFood,Brasil,Telecom,2020,3,Manager TI,Entrevista,Transformacion Digital,28,7,90,52,44,1182,782,-6,7
KeroGrana,Brasil,Telecom,2020,3,CIO,Entrevista,Transformacion Digital,100,80,75,26,70,910,377,-14,-2
Kickante,Brasil,Telecom,2020,3,Manager TI,Entrevista,Transformacion Digital,51,96,87,39,68,1088,495,-15,8
KOIN,Brasil,Telecom,2020,3,Director TI,Entrevista,Transformacion Digital,43,90,15,98,61,595,698,-10,-6
Lendico Brasil,Brasil,Telecom,2020,3,Director Finanzas,Entrevista,Transformacion Digital,21,100,100,10,57,1184,373,1,11
NEXXTO,Brasil,Telecom,2020,3,Director Finanzas,Entrevista,Transformacion Digital,40,46,100,28,53,1197,540,-8,-4
Nubank,Brasil,Telecom,2020,3,CIO,Entrevista,Transformacion Digital,77,68,78,86,77,1232,711,-12,-6
Olist,Brasil,Telecom,2020,3,Manager TI,Entrevista,Transformacion Digital,100,83,34,37,63,748,614,-16,-11
Par Mais,Brasil,Telecom,2020,3,Manager Ventas,Entrevista,Transformacion Digital,87,82,100,46,78,815,296,-6,-4
QueroQuitar,Brasil,Telecom,2020,3,Manager Ventas,Entrevista,Transformacion Digital,25,59,89,16,47,1373,448,-10,-3
Compara Online,Chile,Telecom,2020,3,Director Ventas,Entrevista,Transformacion Digital,24,70,34,93,55,678,963,-10,10
Jooycar,Chile,Telecom,2020,3,Manager TI,Entrevista,Transformacion Digital,37,33,51,98,54,726,928,-13,5
La Plataforma,Chile,Telecom,2020,3,Manager Operaciones,Entrevista,Transformacion Digital,33,42,55,58,47,1076,1201,-2,1
Punto Total,Chile,Telecom,2020,3,Director Operaciones,Entrevista,Transformacion Digital,55,76,15,93,59,346,1160,-15,-1
Se Socio,Chile,Telecom,2020,3,Manager TI,Entrevista,Transformacion Digital,25,6,70,74,43,695,803,-5,-6
U Payments,Chile,Telecom,2020,3,Manager TI,Entrevista,Transformacion Digital,76,100,60,57,73,768,515,-18,-3
Crezcamos S.A.,Colombia,Telecom,2020,3,Manager TI,Entrevista,Transformacion Digital,16,37,42,70,41,611,841,-16,-2
Excel Credit,Colombia,Telecom,2020,3,Manager TI,Entrevista,Transformacion Digital,98,67,52,58,68,886,751,-9,-3
Invest Latam,Colombia,Telecom,2020,3,Manager Ventas,Entrevista,Transformacion Digital,49,99,60,10,54,818,617,-13,-11
Mesfix,Colombia,Telecom,2020,3,Director Ventas,Entrevista,Transformacion Digital,68,70,74,79,72,1071,791,-5,7
Nabica,Colombia,Telecom,2020,3,Director Ventas,Entrevista,Transformacion Digital,19,96,75,35,56,1395,816,-15,-11
People Tech,Colombia,Telecom,2020,3,Director Finanzas,Entrevista,Transformacion Digital,63,35,64,44,51,930,310,-6,-1
R5,Colombia,Telecom,2020,3,Director Ventas,Entrevista,Transformacion Digital,61,84,27,55,56,1021,763,-11,4
Wikiplata,Colombia,Telecom,2020,3,Director TI,Entrevista,Transformacion Digital,90,88,86,32,74,839,581,-10,-6
Zinobe,Colombia,Telecom,2020,3,Manager TI,Entrevista,Transformacion Digital,26,88,36,93,60,468,1005,-15,-1
Servicios Nutresa S.A.S,Colombia,Telecom,2020,3,Director TI,Entrevista,Transformacion Digital,80,63,63,20,56,686,504,-7,3
Banco de la Republica,Colombia,Telecom,2020,3,CEO,Entrevista,Transformacion Digital,18,43,13,86,40,1099,595,-4,0
CENS S.A. E.S.P.,Colombia,Telecom,2020,3,Manager TI,Entrevista,Transformacion Digital,51,45,33,90,54,1079,889,1,3
Transelca,Colombia,Telecom,2020,3,Director TI,Entrevista,Transformacion Digital,59,24,20,35,34,991,817,1,1
Banco del Pacifico,RLA,Telecom,2020,3,Manager TI,Entrevista,Transformacion Digital,84,35,70,21,52,658,460,-2,-1
Banrural,RLA,Telecom,2020,3,Manager Operaciones,Entrevista,Transformacion Digital,38,28,74,23,40,977,606,-5,4
Banco Promerica,RLA,Telecom,2020,3,Manager TI,Entrevista,Transformacion Digital,63,85,47,80,68,1125,690,-1,2
Coru,Mexico,Telecom,2020,3,Otro,Entrevista,Transformacion Digital,100,82,91,53,81,332,515,-9,-9
Credify,Mexico,Telecom,2020,3,CIO,Entrevista,Transformacion Digital,87,58,63,98,76,833,782,-6,-12
Data Science Academy Mexico,Mexico,Telecom,2020,3,Manager Operaciones,Entrevista,Transformacion Digital,80,36,98,16,57,1517,443,-4,-9
Invierte Con Expertos,Mexico,Telecom,2020,3,Manager Operaciones,Entrevista,Transformacion Digital,82,57,38,100,69,749,1021,-9,-5
Logiety,Mexico,Telecom,2020,3,CIO,Entrevista,Transformacion Digital,100,92,97,36,81,1067,462,-14,-5
MR Presta,Mexico,Telecom,2020,3,Director Finanzas,Entrevista,Transformacion Digital,92,7,43,94,59,569,723,-4,-11
Paynom,Mexico,Telecom,2020,3,Manager Ventas,Entrevista,Transformacion Digital,51,100,52,79,70,852,588,-14,-5
Play Business,Mexico,Telecom,2020,3,CEO,Entrevista,Transformacion Digital,58,79,56,62,63,507,680,-4,7
SeguroSimple,Mexico,Telecom,2020,3,Director Operaciones,Entrevista,Transformacion Digital,98,100,78,100,94,996,898,-2,3
UPAX,Mexico,Telecom,2020,3,Director Finanzas,Entrevista,Transformacion Digital,16,26,37,86,41,734,1059,-3,-4
Visor ADL,Mexico,Telecom,2020,3,Director Finanzas,Entrevista,Transformacion Digital,63,76,100,86,81,1210,481,-9,-10
Pieles Sinteticas S. A.  de C. V.,Mexico,Telecom,2020,3,Director Ventas,Entrevista,Transformacion Digital,10,85,14,20,32,784,594,1,-1
IMSS,Mexico,Telecom,2020,3,Director Ventas,Entrevista,Transformacion Digital,36,78,73,58,61,829,407,-6,1
COECYTJAL,Mexico,Telecom,2020,3,Director Finanzas,Entrevista,Transformacion Digital,15,71,35,10,32,732,440,1,1
Cenapred,Mexico,Telecom,2020,3,Otro,Entrevista,Transformacion Digital,45,59,61,13,44,557,685,-7,5
Hermes Infraestructura,Mexico,Telecom,2020,3,CEO,Entrevista,Transformacion Digital,52,19,54,12,34,890,414,-3,6
Grupo Coppel,Mexico,Telecom,2020,3,Manager TI,Entrevista,Transformacion Digital,90,66,52,44,63,841,826,-5,3
Municipio de Benito Juarez Quintana Roo,Mexico,Telecom,2020,3,CIO,Entrevista,Transformacion Digital,14,70,75,29,47,730,760,0,1
Electronic Identification,Mexico,Telecom,2020,3,Manager Ventas,Entrevista,Transformacion Digital,100,30,58,50,59,883,458,-11,6
Banco General,RLA,Telecom,2020,3,Manager Ventas,Entrevista,Transformacion Digital,27,52,22,90,47,888,567,-3,4
Chaty,Peru,Telecom,2020,3,Otro,Entrevista,Transformacion Digital,15,32,14,97,39,315,1033,-15,4
Independencia,Peru,Telecom,2020,3,Manager TI,Entrevista,Transformacion Digital,100,40,35,76,62,338,555,-14,5
Kontigo,Peru,Telecom,2020,3,Director TI,Entrevista,Transformacion Digital,70,44,53,38,51,556,535,-3,8
MidPointFX,Peru,Telecom,2020,3,CEO,Entrevista,Transformacion Digital,61,18,15,51,36,1190,706,-11,-6
Punto Com Rent,Peru,Telecom,2020,3,Manager TI,Entrevista,Transformacion Digital,74,67,27,85,63,418,1325,-16,2
Tkambio,Peru,Telecom,2020,3,Manager Operaciones,Entrevista,Transformacion Digital,32,77,83,27,54,788,795,-9,-3
Ferreycorp,Peru,Telecom,2020,3,Director TI,Entrevista,Transformacion Digital,70,75,85,15,61,1080,607,-2,4
Inversiones La Cruz,Peru,Telecom,2020,3,Director Operaciones,Entrevista,Transformacion Digital,59,37,66,36,49,1059,699,-4,-1
Prima AFP,Peru,Telecom,2020,3,Manager TI,Entrevista,Transformacion Digital,35,67,40,19,40,621,426,-1,1
UPeU,Peru,Telecom,2020,3,Director Operaciones,Entrevista,Transformacion Digital,29,37,68,15,37,951,470,-2,2
Banco Pichincha Peru,Peru,Telecom,2020,3,CIO,Entrevista,Transformacion Digital,70,87,19,53,57,1076,802,-2,0
DGII,RLA,Telecom,2020,3,Director TI,Entrevista,Transformacion Digital,17,78,12,51,39,834,935,-5,6
Asociacion Peravia de Ahorros y Prestamos,RLA,Telecom,2020,3,CIO,Entrevista,Transformacion Digital,89,63,38,11,50,773,426,-5,0
Infocorp,RLA,Telecom,2020,3,Director TI,Entrevista,Transformacion Digital,96,33,36,61,56,334,528,-7,-7
Mercofact,RLA,Telecom,2020,3,Manager Ventas,Entrevista,Transformacion Digital,30,33,44,34,35,576,434,-15,-5
MiFinanzas,RLA,Telecom,2020,3,CIO,Entrevista,Transformacion Digital,38,60,46,17,40,861,343,-11,-3
